candidate_id,login,password,name,firstname,email,phone_number,presentation
1,Raye,sC2&}B\ZiR*=dIm_,Treslove,Herculie,htreslove0@mozilla.com,208-716-1266,Bipol I cur mixed remiss
2,Walton,uY9)Jkg=p9,Derricoat,Ronald,rderricoat1@miitbeian.gov.cn,812-453-2862,TB of organ NEC-unspec
3,Orsola,yK4\4I$CoRUb,Hadden,Emmalee,ehadden2@multiply.com,498-880-5369,Opioid abuse-unspec
4,Dionne,hG0>h}/SLA,Cancellario,Parke,pcancellario3@altervista.org,311-476-4483,GI mucositis (ulceratve)
5,Gizela,yU4|xImu),MacMorland,Henrietta,hmacmorland4@canalblog.com,533-627-3115,Intes infec astrovirus
6,Tarrah,"zM7+)=YflQ""pXUI",Woofinden,Clim,cwoofinden5@reference.com,350-979-3504,Poisoning-oxytocic agent
7,Christina,cH2|Pr_},Bohler,Iseabal,ibohler6@dot.gov,161-911-3351,Personal hygiene NEC
8,Rubia,nV9&wbYSjrOAS,Nelsen,Nadiya,nnelsen7@webeden.co.uk,254-454-2695,Abrasion foot & toe
9,Mick,lD1'HBZq`?Z_gtvX,Paunsford,Colline,cpaunsford8@mac.com,809-254-3418,War inj:prsn-brn fragmnt
10,Corbet,eL6/zlNHC$T,Smithen,Jackson,jsmithen9@yahoo.com,786-737-6851,Femoral epiphysiolysis
11,Laverna,"gM8@{4,""H\",Malcolmson,Carolann,cmalcolmsona@mail.ru,417-194-4777,Oth tissue graft malfunc
12,Kamila,"pM3,L,s9Ag((I",Kitson,Natalya,nkitsonb@telegraph.co.uk,569-978-5447,Centipede bite
13,Byrann,zI0=myaP?M=e,Harding,Kristian,khardingc@ameblo.jp,164-954-6454,Toxic shock syndrome
14,Thaddeus,sZ5\l(Gq=}+z@Mx.,Keyme,Rodolph,rkeymed@ihg.com,137-350-7232,Contrac pelv NOS-antepar
15,Arleta,wC3&c=M8=PNm>Q,Ebbens,Hugibert,hebbense@nydailynews.com,631-789-3558,Adv eff ovarian hormones
16,Garold,sJ0)_t\k3%|*.u$,Gages,Philomena,pgagesf@thetimes.co.uk,276-296-9282,Adv eff antidiarrhea agt
17,Deloris,"xW4~Y)6iYD""nCtL",Emanuele,Davida,demanueleg@admin.ch,148-777-5579,Ascending colon inj-clos
18,Nappie,"cT6&,Qi1fCz17",Lucas,Titus,tlucash@hugedomains.com,869-884-4626,Oth rd veh acc-st car
19,Shalna,qA8.nMJ1n,Gair,Rooney,rgairi@wikimedia.org,902-869-2060,RR coll NOS-person NOS
20,Dewie,mE1(HG6.#Rzq,Suffield,Trey,tsuffieldj@blinklist.com,858-745-6343,Irradiation cystitis
21,Giacinta,nT8{RODXTctan,Costen,Sergeant,scostenk@prnewswire.com,756-268-7122,Ectopic hormone secr NEC
22,Portie,hT3_<MGO@T*XdIx8,Woehler,Robbyn,rwoehlerl@de.vu,555-236-8596,Aerobacter enteritis
23,Aylmar,dL5%8?SeNWNzgt4,Toffalo,Caritta,ctoffalom@hibu.com,933-563-1118,Opn cerebe lac-prol coma
24,Christalle,tN5*9vKY,Galbreath,Constancia,cgalbreathn@prlog.org,806-608-0810,Impair ren funct dis NEC
25,Mirilla,jT4@BGc>a#,Halloway,Kingston,khallowayo@google.co.jp,424-156-1299,Enthesopathy of wrist
26,Urson,uW3@@e*|F,Kempster,Phillie,pkempsterp@merriam-webster.com,530-397-1048,Hyperkinetic heart dis
27,Ford,nA1*e~U_VHW.n$,Colpus,Marybelle,mcolpusq@google.es,694-709-7878,Congen bowing of femur
28,Donnie,"qS8,~9PLWe",Flaherty,Daile,dflahertyr@timesonline.co.uk,719-362-8763,Late eff CV dis-aphasia
29,Brennan,vG9=gn/'<ZgtRR,Dacres,Haywood,hdacress@wikipedia.org,709-584-6213,Deep 3rd brn mult finger
30,Allister,mS9!V{N&,Saberton,Job,jsabertont@hubpages.com,694-829-2171,Adv eff cholera vaccine
31,Lonnie,lW3*~Ubru1r,Zannolli,Olwen,ozannolliu@bravesites.com,912-801-0301,Cndct dsrdr chldhd onst
32,Colette,"bL6/2Z{@PqA.,",Torfin,Marita,mtorfinv@lulu.com,842-310-5262,Diabetic macular edema
33,Rozanne,rI6)AlENX'Wci!~,Abbott,Kit,kabbottw@mayoclinic.com,620-374-6926,Disorders of eyelid NEC
34,Bradley,xH3_}Ao)DG},Drohun,Cull,cdrohunx@jimdo.com,496-500-5325,Hx of cervical dysplasia
35,Babette,sJ9_0t{),Halkyard,Kellen,khalkyardy@eepurl.com,767-117-0679,Somat dysfunc sacral reg
36,Gerta,bQ2}gj(k1,Ivoshin,Vern,vivoshinz@uiuc.edu,235-478-9458,Osteoarthros NOS-unspec
37,Sianna,kU1_`Q&QD,Van Leeuwen,Babita,bvanleeuwen10@sitemeter.com,505-984-0076,Hx-trophoblastic disease
38,Adelaide,zZ5.nP3BNZvixB,Winchcomb,Say,swinchcomb11@hugedomains.com,172-603-3077,Puerperal pyrexia-unspec
39,Peggie,oP9&7cfsNNk,Malkinson,Gabi,gmalkinson12@uol.com.br,660-924-9606,Meningismus
40,Evyn,nJ0+53/z,Timny,Davy,dtimny13@rakuten.co.jp,657-907-4335,Dislocation hip NOS-open
41,Barbette,"oC2,zB4Xy16Lx,)",McSperron,Sylvia,smcsperron14@woothemes.com,107-871-1321,Parox ventric tachycard
42,Winfield,jH8\+x58l22$99,Pruce,Anny,apruce15@unesco.org,911-218-8521,Squam cell ca skin trunk
43,Rodger,vF8.WQ6GZ',Mannie,Rees,rmannie16@opera.com,875-344-3898,Prim cutan coccidioid
44,Farand,nY9&cpR?,Drennan,Ruy,rdrennan17@networkadvertising.org,281-846-7862,Anemia-delivered w p/p
45,Marta,"mH3=I,nSn<!/k_b",Lamps,Karlen,klamps18@arizona.edu,637-324-6767,Breathing exercises
46,Donetta,fY9((7$E3iIO,MacGaughie,Cyrus,cmacgaughie19@shinystat.com,784-396-2439,Toxocariasis
47,Olenolin,mK3+U>$Sa,McInnery,Andy,amcinnery1a@gravatar.com,734-144-4426,Inj superfic femoral art
48,Hughie,xH7!}@!{f,Roff,Sue,sroff1b@time.com,128-145-6566,Secondary syphilis NOS
49,Silas,uH0\~`>Y*<u}Q,Tommasuzzi,Noelle,ntommasuzzi1c@squarespace.com,784-407-8744,Late eff accidental fall
50,Griswold,mO7=y8x!,Sherwell,Lora,lsherwell1d@narod.ru,662-389-2720,Loc 2nd osteoarth-pelvis
51,Gabey,jO0%J)JO1{07I,Sell,Nelly,nsell1e@jalbum.net,790-790-6355,Bone/skin neoplasm NOS
52,Miran,"wL2"",7OF",Aylmer,Nessie,naylmer1f@netlog.com,173-397-4534,Pica
53,Son,"nY4#K~,ykbjwr",Crawley,Staci,scrawley1g@cornell.edu,494-154-2057,Toxic eff gas/vapor NEC
54,Biron,lS0~a6uZm,Eisak,Lottie,leisak1h@wufoo.com,605-408-9139,Thrombocytopathy
55,Carlynne,jU7)QI7%oON,Piggrem,Dianemarie,dpiggrem1i@ovh.net,229-505-6937,Near-total impair/normal
56,Lucila,"mH4,fs9t~",Dionisetto,Rozalie,rdionisetto1j@google.com,787-438-9165,Fat embolism
57,Winfield,hI1{A#)@d'|6,Thorns,Ava,athorns1k@blog.com,586-626-3711,Family hx-deafness
58,Emmalyn,"gE7,?Q)(b|+",Culy,Danyette,dculy1l@google.com,669-314-1801,W/crft fall NEC-pers NEC
59,Iris,"nC1@z(=7""IH~N",Corbyn,Ty,tcorbyn1m@amazon.co.uk,277-637-9490,Endodontic overfill
60,Raddy,"gK2""|~7u>r",Cleeve,Dominga,dcleeve1n@nymag.com,630-171-4281,Brain inj NEC-brief coma
61,Wildon,jQ0\g2Td?Q4~,Grinyer,Husain,hgrinyer1o@discovery.com,321-633-8302,Nontrauma comp syn NEC
62,Adi,"gV0{d""`/>I~+",Shawyer,Lonnie,lshawyer1p@mail.ru,807-782-6115,Bone disorder-antepartum
63,Jerrold,vE1{n7SZPvi,Segrott,Harper,hsegrott1q@gnu.org,266-198-2654,Staphylococcus unspcfied
64,Merrili,"tF1{RH}BYnk""bC=",Borles,Kahlil,kborles1r@amazonaws.com,513-673-6164,Other vd-antepartum
65,Isabella,aF6|F#l2o'3,Mundall,Lisha,lmundall1s@goo.gl,631-266-2731,Hodg lymph deplet spleen
66,Averil,nB4%e.LQy}),Drewery,Howie,hdrewery1t@youku.com,242-151-5584,Insertion of iud
67,Raimundo,vC8)\RRx)_9hQZ,Buie,Quill,qbuie1u@ucsd.edu,844-839-1488,Psychogen cardiovasc dis
68,Gardy,dU4>7uWx!C,Honniebal,Errol,ehonniebal1v@ocn.ne.jp,214-465-7699,Ankylosis-unspec
69,Eudora,"aR2,MC1L~U)Qm",Casbolt,Mohandas,mcasbolt1w@nsw.gov.au,553-922-4692,Asympt varicose veins
70,Chan,"uH0+,9km~zZj=98",Waddingham,Lyndel,lwaddingham1x@mlb.com,913-256-8923,Mal neo temporal lobe
71,Minda,jS5`V9U#0Z.h}5M,Joslow,Lexie,ljoslow1y@liveinternet.ru,836-174-3521,Schistosoma haematobium
72,Almeria,tD6'biX_CacbbgW,Cockburn,Veronika,vcockburn1z@biglobe.ne.jp,189-236-6340,"Atheroembolism,upper ext"
73,Inessa,pT3)0N`XvgYa,Tesche,Aurelie,atesche20@bizjournals.com,955-841-0505,Colon injury NOS-closed
74,Merrill,"xL1*l)ie""",Andriulis,Hilliary,handriulis21@un.org,856-937-5549,TB skin/subcut-exam unkn
75,Gussy,"qE1)x""dY6A.n",Soughton,Mariana,msoughton22@google.com,402-857-2388,Abrasion-enamel
76,Ruthi,"fS4}D|K,kDs",Copnall,Dominga,dcopnall23@merriam-webster.com,530-646-9669,Ect preg NOS w/o int prg
77,Bendicty,pH6/>K\Hf,Giral,Gustavus,ggiral24@bloomberg.com,772-252-8632,Synovial cyst NOS
78,Ibrahim,"dE3""UW9Zu$wL1",Vowden,Sabina,svowden25@opera.com,330-222-4228,Stg II nec enterocol NB
79,Brew,tW7#<CqTwy%,Malarkey,Bordy,bmalarkey26@state.tx.us,162-596-6374,Part detach-singl defec
80,Chickie,"pF6""bvp}",Bouts,Sabra,sbouts27@phpbb.com,382-935-8825,TB thorax node-exam unkn
81,Heddie,jV1>AM.~,Lotherington,Wandis,wlotherington28@icq.com,802-168-2058,Lack of coordination
82,Elisha,sL6(WSXF!g@{S,Khalid,Gunar,gkhalid29@chicagotribune.com,991-689-4003,Rheum endocarditis NOS
83,Everard,"wO0,AM@FD(aS",Hanby,Dallon,dhanby2a@weebly.com,664-981-7599,TB male gen NEC-micro dx
84,Sonja,"cX2,b3ZZq",Seller,Doe,dseller2b@tmall.com,710-140-6836,Mal neo breast low-inner
85,Ash,aO5\D.$QY?czM(#u,Sivill,Sonnie,ssivill2c@paginegialle.it,534-219-0019,Cl skull fx NEC-mod coma
86,Elfreda,fJ1_=%xQr,Bullingham,Anestassia,abullingham2d@scribd.com,383-996-6854,Dis amino-acid metab NEC
87,Sacha,aD5@9v5m!|,Merkle,Abbot,amerkle2e@odnoklassniki.ru,532-889-1697,Wtrcraft fall NOS-pasngr
88,Ryon,"dF5`hMT?|h,{Q",Hindrich,Elyn,ehindrich2f@irs.gov,112-610-7483,Secondary malig neo lung
89,Trish,pH2/@A'tt%jVHmz,Shallcroff,Eveline,eshallcroff2g@unblog.fr,705-243-4292,Facial nerve inj-birth
90,Mark,oW7?e5h'_G~jB31?,Beernt,Joshua,jbeernt2h@shutterfly.com,221-545-9961,"Fx mid/prx phal, hand-op"
91,Land,"vK2.$""Ng4UV!9*X/",Warrell,Ernaline,ewarrell2i@unc.edu,103-904-3652,TB of kidney-histo dx
92,Natal,qF8)YKp=.,Fleury,Ardisj,afleury2j@behance.net,356-914-6324,Echinococc gran thyroid
93,Morse,rU5}#3+X,Armfield,Robbyn,rarmfield2k@skype.com,517-197-2539,Loc prim osteoarth-hand
94,Tuck,"sD6<y79F,)Rc",Dhillon,Merell,mdhillon2l@unblog.fr,236-679-8221,Adlt pul Langs cell hist
95,Rosemary,qX5<3\|W2qc,Granham,Latrina,lgranham2m@cornell.edu,250-541-1766,Migrne unsp wo ntrc mgrn
96,Cyril,"bY4=45Hh""",Foskett,Brad,bfoskett2n@ft.com,174-777-3666,Neonat jaund in oth dis
97,Daniel,mM6<}C)GA|7~jz,Habbema,Cash,chabbema2o@timesonline.co.uk,150-610-3296,Injury-strang/suff NOS
98,Nikaniki,gS9(m}vvI,Stilliard,Emery,estilliard2p@dmoz.org,864-246-7564,Tox w old hyper-antepart
99,Ida,wR5'&5=`j{k|3Rz,Lifsey,Athene,alifsey2q@newyorker.com,799-992-7555,Acc poison-meat
100,Kale,nE4%n_&3h2Q,Andrzejewski,Eudora,eandrzejewski2r@ask.com,171-919-9985,Hypovolemia
101,Jolynn,rA8!zNiI\_MY,Fonquernie,Taddeusz,tfonquernie2s@phoca.cz,924-904-9990,Bartonellosis
102,Marv,"cF9@Em.H=""te$1i",Yorke,Sephira,syorke2t@exblog.jp,250-434-5573,Abdmnal mass lt lwr quad
103,Christiano,xN8!b.hz12Z,Reinmar,Celesta,creinmar2u@yellowbook.com,578-407-1029,No family able to care
104,Gregoire,fK4>n5523,Aitchinson,Matelda,maitchinson2v@cargocollective.com,110-328-5394,Placenta previa-deliver
105,Caresa,"eQ9""BhT!,+",Driussi,Reinwald,rdriussi2w@columbia.edu,319-582-4327,Spleen parenchyma lacer
106,Coralie,vW5.LwYq,Andrew,Prudence,pandrew2x@blogger.com,708-357-4005,Pois-cns stimulant NOS
107,Jinny,fP8\bUNRa=#$Ts2,Moncaster,Jessalin,jmoncaster2y@stanford.edu,342-548-5356,Breast inf NOS-antepart
108,Silvan,yA4?vN1Csq!,Kingswell,Rickie,rkingswell2z@gnu.org,823-492-5435,Fire in bldg-accid NOS
109,Arvy,eD5&K67#xZeq,Eagling,Roze,reagling30@dailymotion.com,268-274-9341,Hx retrn military deploy
110,Mireille,sT0/2_rkhnm8A(,Hasley,Anatole,ahasley31@mysql.com,912-597-5387,Joint dis NEC-up/arm
111,Ruby,yI8!j1dkE65_{_,Hugin,Mercie,mhugin32@prnewswire.com,704-914-6379,Other sequelae of MI NEC
112,Craig,bY7'9nBl!snYBUsM,Boatwright,Sisile,sboatwright33@netlog.com,407-457-7356,Deep 3rd burn genitalia
113,Hobart,cW9&W3dpMjHnDt>,Hebble,Simone,shebble34@purevolume.com,345-523-5915,Papilledema NOS
114,Winslow,rW2/rT{Irxi,Borthram,Karalee,kborthram35@printfriendly.com,178-640-5525,Acu brnchlts d/t oth org
115,Krystle,vB5$ikfA3<KvHm$),Thorouggood,Zara,zthorouggood36@bizjournals.com,887-972-2799,Post-proc st eye/adn NEC
116,Mikkel,xR1!qQJ)PC/)qb}J,Schultz,Gib,gschultz37@joomla.org,371-964-2881,Toxic gastroenteritis
117,Val,"aF5#WGT<u,h_CEpq",Allabarton,Seamus,sallabarton38@buzzfeed.com,398-300-9631,Opn skul/oth fx w/o coma
118,Ashely,hQ0(V'CQFg@4A,Geldart,Skipper,sgeldart39@amazon.de,914-543-6439,"Pressure ulcer,unstagebl"
119,Vladimir,sL5}e+'c.,Lampitt,Marcelia,mlampitt3a@dropbox.com,919-389-8206,Cerebel lacerat-coma NOS
120,Elsbeth,bF5<VVs)O<b,Walthall,Enrica,ewalthall3b@ucsd.edu,296-926-9712,Cong cornea opac aff vis
121,Hannis,tS7+v5OeN2K,Vasyukhnov,Celinka,cvasyukhnov3c@hexun.com,558-361-5120,Endocrine/nerv neo NOS
122,Marie-jeanne,zE7<8O}{9XRtY,Figgen,Bennie,bfiggen3d@newyorker.com,871-179-6581,Poison-mineral salts NEC
123,Tucky,"oS4)jZ7?,yPF$Sr",Tomovic,Riki,rtomovic3e@is.gd,111-409-7646,Hypoxc-ischem enceph NOS
124,Dorris,wP5%f{b0?*,Moodey,Gaile,gmoodey3f@indiegogo.com,430-668-5347,Aftrcare traum fx up arm
125,Meriel,"sE1*L|m\zi\""oVy(",Erik,Lavina,lerik3g@google.com.au,501-886-8598,Acc poison-sedatives NEC
126,Dorothy,zT7+S1r<fi,Fyfield,Reinaldos,rfyfield3h@wordpress.com,463-753-0291,Acq absnce breast/nipple
127,Leta,rV6@+J}M3&b9L=W,Kestin,Arleta,akestin3i@marriott.com,235-882-2610,Fx c5 vertebra-closed
128,Horten,kH7_2>P&A,Scarsbrick,Jerome,jscarsbrick3j@kickstarter.com,681-902-6938,Narcissistic personality
129,Didi,tG3|@sg|{s0h4,Nizet,Margalit,mnizet3k@github.io,452-666-1319,Hypopigmentation lid
130,Malinde,vF9&J(_VP5.GH,Gokes,Andre,agokes3l@163.com,579-189-5622,Amebic lung abscess
131,Annemarie,uX8#gKfXlaZ,Breslin,Woody,wbreslin3m@squidoo.com,133-124-1985,Multisystem toxoplasmos
132,Karia,"vR0,\`cF!v`\`fd",Glassman,Russ,rglassman3n@newsvine.com,828-273-7179,Ben neo islets langerhan
133,Boyd,pW8=o'hRom,Feehely,Rina,rfeehely3o@facebook.com,341-716-9665,Mal neo lymph-head/neck
134,Melesa,zD9(sMJze9.b+>,Loffhead,Midge,mloffhead3p@cbc.ca,492-483-7947,Mantle cell lymph spleen
135,Far,lL5\28+FJ$B,Longmire,Chip,clongmire3q@hibu.com,843-820-9134,Local traumatic opacity
136,Alfredo,sE2/{?S<,Steabler,Caryl,csteabler3r@nature.com,496-331-4188,3rd deg burn nose
137,Krishnah,"xA1""#Bz=</$Y#q",Cockshut,Teodorico,tcockshut3s@howstuffworks.com,503-248-5797,Echinococc gran thyroid
138,Elysee,gM4_mj)/bM,Fey,Lindsay,lfey3t@redcross.org,423-326-2906,Rt proc-wrong side/part
139,Beau,nQ7{5U`Z{!Mccds,Kalewe,Hartley,hkalewe3u@goodreads.com,855-199-8117,Preg w hx ectopic preg
140,Maddi,eX5\jorS.<DL!hy,Whysall,Violette,vwhysall3v@ihg.com,540-348-3099,Voice/resonance dis NOS
141,Reube,tG8?DVydEGpYi'(j,McGillreich,Pren,pmcgillreich3w@reverbnation.com,150-777-0925,Oth off-road mv-mocycl
142,Irvine,yJ2'A@)@S,Morling,Lori,lmorling3x@mediafire.com,773-536-6536,Blister hip & leg-infect
143,Toby,"dI7&Iv)W""5K|0$""",Farlambe,Melany,mfarlambe3y@time.com,459-692-4473,TB of ear-exam unkn
144,Galven,gH1(Ca_e<tGw{>7b,Lynam,Cody,clynam3z@geocities.jp,218-961-6281,"Amputat arm, bilat-compl"
145,Augustus,uJ2+8u\8np*,Crumbleholme,Allen,acrumbleholme40@amazon.co.jp,914-754-8622,NB feeding problems
146,Thaddus,hQ6>jJJ+?)}4}\WD,Kevis,Carson,ckevis41@java.com,732-903-6926,Compl labor NEC-antepart
147,Barthel,mS9}l/>?Zi,Magister,Courtnay,cmagister42@constantcontact.com,791-179-1774,Superfic inj trunk NEC
148,Cthrine,cE1/#'&bVoGIPqm7,Dunridge,Leona,ldunridge43@uol.com.br,593-598-2212,Contusion periocular
149,Mariann,tX9%k+'R,Wheatland,Bryan,bwheatland44@toplist.cz,809-943-7743,Observ-suspect cond NOS
150,Eirena,lX5_S2Fg+,Clere,Barnaby,bclere45@vkontakte.ru,702-649-5519,Bilious emesis
151,Randal,"uL6@.I#LA""BA",Rubinivitz,Cher,crubinivitz46@ibm.com,546-326-4745,Chr stom ulc w hem-obstr
152,Sonnie,"rD1.""YRNuwHI*\",Gobourn,Jerrie,jgobourn47@icq.com,728-442-7749,Aftr-catar obscur vision
153,Maye,"qP1)kO,""80.t",Sedgwick,Johnnie,jsedgwick48@bigcartel.com,827-433-3165,Injury ulnar nerve
154,Frankie,bL1`44jn,Blesdill,Tilda,tblesdill49@columbia.edu,971-989-7399,Bone infect NOS-up/arm
155,Antons,hY6{8y{n,Bounde,Sarge,sbounde4a@patch.com,511-174-5114,"Fx humer, med condyl-opn"
156,Nikola,oI3/YHI4!xGfT_R(,Goodread,Maryrose,mgoodread4b@nature.com,575-980-4837,Superfic inj conjunctiva
157,Ike,qC2<'*v)!`,Noli,Rance,rnoli4c@dot.gov,414-827-5554,Salpingo-oophoritis NOS
158,Dyanna,lL1$lQ*BF,Lethley,Melisse,mlethley4d@360.cn,973-966-5314,Macular degeneration NOS
159,Jeramey,eB8%{PZ#\zwZ,Jankovic,Engelbert,ejankovic4e@surveymonkey.com,507-991-8805,Disrupt perineum-unspec
160,Brittaney,"oD9""6Gp|T4W$kA8",Tatton,Zane,ztatton4f@de.vu,265-327-8980,Cholelith w cholecys NEC
161,Timmie,jU6+@tRE,Scutter,Skipton,sscutter4g@weebly.com,510-865-4504,Depress psychosis-mild
162,Tandie,hL8+0cNgqqp%W,Gronaver,Karole,kgronaver4h@ezinearticles.com,856-810-7493,Crush inj scapul region
163,Taffy,cV5{ll1`U,Perham,Jemmie,jperham4i@timesonline.co.uk,770-163-1938,Tinea nigra
164,Bobbye,"aA4$z)!,x9",Nother,Dallas,dnother4j@fc2.com,816-250-7098,Mantle cell lymph spleen
165,Donn,aZ0$)yfi.HRrp%RB,Elland,Sharl,selland4k@paypal.com,370-705-0846,Metagonimiasis
166,Aarika,eU7!FdU5&,Whitechurch,Celestine,cwhitechurch4l@macromedia.com,459-757-1182,Light-for-dates <500g
167,Erek,fM7&WSkL3.,Featherbie,Price,pfeatherbie4m@wikia.com,977-807-3626,Fx c7 vertebra-closed
168,Anallise,"mY7,I~VFRu",Ackery,Terrel,tackery4n@theglobeandmail.com,625-286-1603,Acute esophagitis
169,Karisa,"bY5'5a""W",Manford,Gabie,gmanford4o@japanpost.jp,438-859-0123,Breast dis preg NEC-unsp
170,Sarajane,lF5@6Nz$3,Grigore,Chrysler,cgrigore4p@de.vu,372-912-1230,Transver/obliq lie-deliv
171,Ardath,wF6~t(cH4J,Jailler,Tucker,tjailler4q@github.com,949-849-1344,Acoustic nerve disorders
172,Yorgo,hZ7~`h3bXrOoNj,Jacobsen,Menard,mjacobsen4r@techcrunch.com,901-371-8510,Euthyroid sick syndrome
173,Farrah,eS6<eeeYsRd$}Qj,Eborall,Lidia,leborall4s@china.com.cn,551-869-5908,Retclsrc unsp xtrndl org
174,Laurianne,"gZ2{MHp~""t)!&oJ",Davley,Delila,ddavley4t@tmall.com,771-354-1990,Envir expose algae/toxin
175,Siegfried,jA4<V*K*WQ?,Suggey,Marcos,msuggey4u@ted.com,743-765-2283,Hypernasality
176,Denis,xR9.*/q}mL4}G+,O'Halleghane,Kalli,kohalleghane4v@yellowpages.com,263-353-5028,Inflammation eyelid NEC
177,Elijah,"qB7{M`lKQ""",Grinnikov,Marylou,mgrinnikov4w@tripod.com,314-414-7842,Cortex contus-brief coma
178,Thedric,cE4/3T3_qa,Crummie,Vittoria,vcrummie4x@facebook.com,238-450-6299,Screen-bacterial dis NOS
179,Nathan,uT9=@ax|,Dicte,Belvia,bdicte4y@geocities.jp,979-284-5183,Prolong 2nd stage-deliv
180,Honor,dW8}lF5fH|,Oldridge,Bonny,boldridge4z@wp.com,320-570-3539,Ac duoden ulc w hem-obst
181,Rance,"cU1_qTk<""W",Heinsius,Ezekiel,eheinsius50@phpbb.com,350-771-0444,Bartholin's glnd abscess
182,Wendi,jN2>M.R$_$,Kivell,Gerhard,gkivell51@army.mil,333-458-8505,Ac peptic ulc w hem-obst
183,Brandyn,"cU7_.M""zMA4",Kerridge,Kermit,kkerridge52@elegantthemes.com,423-804-4163,TB of adrenal-no exam
184,Sherwood,sA6?K>nLGay,Tuckwood,Saree,stuckwood53@hatena.ne.jp,224-161-7366,Precipitate del aff NB
185,Oliy,tI9}IAQctYp.M,Yeskov,Noel,nyeskov54@shinystat.com,920-903-2082,Hypersecretion glaucoma
186,Harmon,"zJ7""hrT#\F|q\",Gell,Yale,ygell55@utexas.edu,607-445-4884,Inf mcr rst qn flr nt ml
187,Faulkner,hG3+B6|=PiP\l*,Josipovitz,Ertha,ejosipovitz56@upenn.edu,485-779-1773,Intestinovesical fistula
188,Gussie,"yQ1""t?rQk\",Baudain,Amber,abaudain57@npr.org,978-709-8574,Poxvirus infection NOS
189,Rhett,lW7'5OsrET{pp_,Margrie,Luke,lmargrie58@myspace.com,249-760-9006,Adv eff vitamin k
190,Andreana,tE1)E5j.HPo2C,Sowle,Yurik,ysowle59@cbc.ca,478-419-2072,Presbyacusis
191,Cally,qH8!456a,Allatt,Brianna,ballatt5a@netscape.com,311-553-2692,Pap smear anus w LGSIL
192,Jard,uW5%ra?h,Wickstead,Lexine,lwickstead5b@whitehouse.gov,356-889-3205,Oth mult sb-hosp w/o cs
193,Brice,"aR8`9)Y""it",Smillie,Phaidra,psmillie5c@abc.net.au,699-755-4518,Illeg ab w pel damg-unsp
194,Grace,"bP7{)k,ShP!",Pywell,Culver,cpywell5d@netscape.com,315-708-5440,Esophageal leukoplakia
195,Staffard,"wF1+2T,4p`{79",Danneil,Antin,adanneil5e@dmoz.org,978-487-8952,Matern urine dis aff NB
196,Anet,mW6<CRNPN,Folkes,Conrad,cfolkes5f@squidoo.com,960-799-8849,Open wound site NOS
197,Zeb,"nR8""_8E`V}",Bennallck,Bunni,bbennallck5g@icio.us,131-426-7244,Fmly dsrp-fam absnce NEC
198,Dorine,yF6.3a%jYQ2nt,Hofton,Glenn,ghofton5h@stanford.edu,957-445-6494,Abn find antenatl screen
199,Maudie,iG4'w+GAo9q3L,Brixham,Rutter,rbrixham5i@walmart.com,206-848-4075,Infc mcrg drgrst nt mult
200,Jania,lZ3=9vEz,Coggins,Maybelle,mcoggins5j@aboutads.info,349-734-9432,Chr stom ulc hem/perf-ob
201,Gerrie,lH8#%Zd%,Eustice,Athena,aeustice5k@wired.com,708-232-9997,Malig neo gallbladder
202,Larina,aN5'VN>=>&dw&k9{,Medling,Anthea,amedling5l@etsy.com,670-110-7917,Oth nspcf finding blood
203,Mead,"zO0""du=xM)0|l7y",Scourfield,Matelda,mscourfield5m@baidu.com,215-863-1740,Mv-train coll-mcycl psgr
204,Shellysheldon,"uD9~U""Ly",Burgher,Barthel,bburgher5n@newsvine.com,246-271-7085,Osseous eustachian obstr
205,Nobie,kR8(fx!Uo}=g,Groucock,Shalne,sgroucock5o@sphinn.com,288-695-2969,Lymphoid mal NEC pelvic
206,Addi,qF9.|ojCX7,Oxtoby,Fabian,foxtoby5p@washington.edu,501-670-9302,Burkitt's tumor inguin
207,Clevie,yG7@u`.1(`H~Q,Khoter,Kaleena,kkhoter5q@toplist.cz,231-283-0865,Organic sleep apnea NEC
208,Georgetta,nB0>p!3wd',Olyff,Lanny,lolyff5r@dropbox.com,520-554-8805,Sprain lumbar region
209,Xenos,fG8\bX=By,Di Ruggero,Sibylle,sdiruggero5s@goo.ne.jp,135-593-4793,Opn brain inj-proln coma
210,Eva,gO8`o3~)j?d(QFu,Skittrall,Felicio,fskittrall5t@quantcast.com,564-918-3575,Tongue disorder NOS
211,Kristofor,mG3/zJ`7i=@'xu,Gosenell,Kimmy,kgosenell5u@smugmug.com,259-706-1159,Attemp abort w embolism
212,Mateo,dX4$_$%Lj@2<,Pregal,Rickard,rpregal5v@ifeng.com,109-503-5064,Nonorganic circadian rhy
213,Cindy,xD2>0q4hI/,Yakushkev,Parnell,pyakushkev5w@fema.gov,769-190-4292,Poison-utility gas NEC
214,Legra,nU5\zd_uhdD~!t,Willoughway,Jenny,jwilloughway5x@github.io,755-311-5120,Anom interarch distance
215,Bevon,rM9@j<35gFZkc}R,Maryman,Gusti,gmaryman5y@google.com.br,497-220-5192,Pulm compl in del-deliv
216,Ardelia,rK5.Q}{~j1zR,Leehane,Erasmus,eleehane5z@mayoclinic.com,750-237-9016,Malignant neo glottis
217,Cecilius,hX0<%$lKsGmy!g7+,Sainter,Davida,dsainter60@rakuten.co.jp,643-944-0014,Poisoning-gamma globulin
218,Paul,fG6}2{oi,Garment,Judah,jgarment61@shop-pro.jp,193-270-4441,Ab NOS w compl NOS-unsp
219,Nap,mT9}{9|$e5,Petett,Gelya,gpetett62@nsw.gov.au,274-797-6087,Mediastinum disease NEC
220,Ema,tY8+rl=99xj69+,Southey,Giordano,gsouthey63@irs.gov,938-679-6040,Sleep disturbances NEC
221,Bink,nT0~)z.3m,Dundendale,Barnett,bdundendale64@parallels.com,769-111-4097,Trans hyperten-postpart
222,Joell,vV2?A!aDPV4u,Simioli,Vilhelmina,vsimioli65@princeton.edu,748-414-0577,Chronic endophthalmitis
223,Howard,qI4\?EJ13c,Happer,Robinett,rhapper66@hao123.com,869-651-8520,Open wnd eustachian tube
224,Annabell,hW3)g(RA8Kw,Munton,Whitby,wmunton67@berkeley.edu,926-504-8664,Zygomatic hyperplasia
225,Paten,uS4\/r%~nZV6D,Bride,Frederich,fbride68@paginegialle.it,587-837-2049,Bariatric surg stat-del
226,Nils,yV6#xX|L!tP,Clewes,Balduin,bclewes69@sitemeter.com,650-295-8082,Fx up radius NEC/NOS-cl
227,Jannelle,"dL2.}V,3PL{",Ickovici,Durant,dickovici6a@furl.net,692-175-5601,Precipitate labor-antepa
228,Brenn,"kD6/j,NW",Chicco,Daisy,dchicco6b@wordpress.com,554-799-8336,Mal neo sclp/skn nck NEC
229,Manuel,jM4%2q%'$Zd,Fyall,Kylen,kfyall6c@mit.edu,320-504-9432,Old hyperten-deliv w p/p
230,Weston,qL4*#fZDwK,Laugherane,Rafaela,rlaugherane6d@japanpost.jp,650-860-6795,Chronic kidney dis NOS
231,Agneta,"mF3#$.zA+""",Groves,Pall,pgroves6e@indiatimes.com,570-271-9396,Late eff int inj abdomen
232,Ginger,cX6$Oq$SP$xbCG,Mates,Karolina,kmates6f@phpbb.com,628-344-5772,Choroidal hemorrhage NOS
233,Parker,"qS3)\,?H8w#O|G&l",Priter,Risa,rpriter6g@vkontakte.ru,853-601-1146,Transfsn rel ac lung inj
234,Erda,oS9>)<FL@Uc&c,Heindle,Branden,bheindle6h@foxnews.com,365-135-3569,Late effect of trachoma
235,Sascha,cS3@086m@Q5KQVG,Norssister,Putnem,pnorssister6i@shareasale.com,104-247-3895,Spacecraft acc-occupant
236,Alayne,oJ8~tE>6,Storm,Philipa,pstorm6j@ucoz.com,771-886-8323,Osteitis def in oth dis
237,Courtnay,uD8<Q2aL>7zw1o`m,Whebell,Poul,pwhebell6k@fc2.com,862-312-6272,Malign neopl eye NEC
238,Dix,yN6/+Yqwk0`,Deeman,Lettie,ldeeman6l@bloglovin.com,877-623-4712,Coagulatn def-del w p/p
239,Sabrina,"wP8,eq{!{)jq&F!",Duddan,Meghan,mduddan6m@gizmodo.com,756-819-0924,Counseling NOS
240,Shandee,"cX6`C+w""\GybLCf",Hurrell,Lacy,lhurrell6n@networkadvertising.org,116-284-7332,Maj puer inf NOS-del p/p
241,Constancy,bB3(MJw+K(cbI*t1,Rait,Iain,irait6o@opensource.org,865-937-1029,"Fx navicular, wrist-open"
242,Joete,nQ9`8Pc&6,Desbrow,Kittie,kdesbrow6p@livejournal.com,578-620-0257,Refusal of treatment
243,Ty,sX1{`930OL5l,Tidd,Judd,jtidd6q@livejournal.com,700-891-5223,One eye-near tot/oth-NOS
244,Olenolin,zA8)s$yFAQx?=,Munns,Anselma,amunns6r@shutterfly.com,747-375-6413,T7-t12 fx-op/com crd les
245,Barrie,cU5<.4dd='c7,Schreiner,Julieta,jschreiner6s@ox.ac.uk,635-342-2178,Gardening/landscaping
246,Caprice,"dN0,U(AKouf6q*q<",Rimell,Waring,wrimell6t@theguardian.com,251-958-2062,Screen by amniocent NEC
247,Franklin,kR7#pX>L=lXk5nB,Laxon,Robers,rlaxon6u@chronoengine.com,310-567-8839,Crush inj ext genitalia
248,Rogers,uH6/#W@V.4,Broadey,Hilario,hbroadey6v@cdc.gov,948-930-8891,Acc poison-mushrooms
249,Phineas,dB1*YZr~O,McQuade,Selene,smcquade6w@pbs.org,618-590-8940,Fam hx-blood disord NEC
250,Berri,eA1$g&tjqDx1'Y=<,Mollindinia,Bianca,bmollindinia6x@wikispaces.com,100-587-4959,Scrn mal neo breast NEC
251,Leroi,mH5.5uofc,Pusill,Fayette,fpusill6y@about.me,297-607-5927,Cervicitis
252,Teodorico,"nU7%URqp|""!\w4",Lucken,Glynnis,glucken6z@ucoz.com,157-914-1193,Redun prepuce & phimosis
253,Manda,gN9.ZDl?ycjZ,Ivashinnikov,Lazarus,livashinnikov70@google.de,694-644-2501,Matern cardioresp aff NB
254,Lynette,"aI2'""'VwM*""V2",Shacklady,Jillene,jshacklady71@opera.com,290-709-9336,Malaria-delivered w p/p
255,Darb,fU4=YydDv,Durant,Horace,hdurant72@economist.com,801-817-9286,Acute & chronc resp fail
256,Elnore,hA5~%s<dG,Stolli,Roseanna,rstolli73@wunderground.com,816-806-9506,Oth spcf hypoglycemia
257,Lennard,"vV7)mU%!x>ymP9,",Matusov,Raleigh,rmatusov74@shop-pro.jp,686-422-4618,Fam hx-kidney dis NEC
258,Courtney,zY6=b@XKrG,Slight,Bjorn,bslight75@nyu.edu,893-238-2677,Hx-eggs allergy
259,Rakel,lG7@y%Ny&=},Hillan,Ramon,rhillan76@cisco.com,991-942-1111,Cl skl w oth fx-brf coma
260,Ilse,nG6}@9kr7,Benson,Linnie,lbenson77@nasa.gov,527-355-7537,Ot leu un cl wo ach rmsn
261,Minta,"tM2,%.D<?e",Mauchlen,Lanna,lmauchlen78@webs.com,430-571-7596,War inj:acc own munition
262,Melina,tD1|d/mnT,Lawless,Reggis,rlawless79@digg.com,339-895-9153,Labyrinthine dysfunc NOS
263,Antonella,zA6=KRb+D>PN,Ardling,Roxanna,rardling7a@marketwatch.com,444-945-3152,Asphyxiation/strangulat
264,Bliss,qG8/nkp|ix2p,Dohmann,Trescha,tdohmann7b@skyrock.com,438-985-0726,Gal&bil cal w/oth w/o ob
265,Willard,uW0~%SCKh,Loughead,Colene,cloughead7c@wp.com,197-667-3957,"Quadrplg c1-c4, complete"
266,Vanna,"fI9""z(6e""",Mossdale,Jo,jmossdale7d@bbc.co.uk,372-666-5655,Urethral diverticulum
267,Ingemar,zC8=gp8)!WGFf0,O'Donnelly,Theresita,todonnelly7e@clickbank.net,619-948-9645,Acariasis NEC
268,Allina,wF1~dF}q>m<,Frame,Marianne,mframe7f@slashdot.org,852-642-5266,Antepart hem NEC-unspec
269,Naomi,oW0!Ux5s,Espinazo,Arthur,aespinazo7g@newsvine.com,763-146-7129,Myelodyspls syn w 5q del
270,Melisse,xW5!qVg*px,Diss,Jinny,jdiss7h@usgs.gov,853-379-9474,Del w 1 deg lac-postpart
271,Candide,eF6*9@zzyQhlkFK1,Pettit,Kayley,kpettit7i@icq.com,462-793-1066,Torsion of testis NOS
272,Bil,rN0|AKhb3DD$,Vear,Odette,ovear7j@freewebs.com,540-173-1983,Diaper or napkin rash
273,Cordie,eZ4&l9_h,Neely,Misha,mneely7k@mail.ru,677-625-8106,Dementia w/o behav dist
274,Enrico,"wA1()1\$,XvY",Davidovitz,Lindsy,ldavidovitz7l@google.ru,264-323-4315,Open wound site NOS
275,Cordelie,xZ6{$7i|On'71vd,Brookes,Woodman,wbrookes7m@biglobe.ne.jp,733-683-3690,Fetal comp in utero-p/p
276,Omero,lJ6|=!p&g8Q,Thomerson,Delmor,dthomerson7n@google.de,954-552-5281,Ancylostoma duodenale
277,Keith,nD3{X*'I!,Bagby,Debby,dbagby7o@mlb.com,846-625-7757,Refractive amblyopia
278,Cristie,eZ7?c9gK6LRR#@,Lammenga,Prissie,plammenga7p@skype.com,218-727-4696,Pseudobulbar affect
279,Ajay,gB5/3epds}A)8HJ/,Buglass,Stearne,sbuglass7q@discovery.com,587-692-3119,Sensoneur hear loss asym
280,Kaleb,bK8+'YY3}S%Om5,Tourmell,Haleigh,htourmell7r@twitpic.com,899-660-0172,Vasc dementia w depressn
281,Dru,"mL4=nD#aZ,1",Berford,Matthew,mberford7s@narod.ru,638-570-4452,Acid burn cornea/conjunc
282,Danny,dL1+jtg<JF\Wtt/(,Padmore,Derward,dpadmore7t@jigsy.com,701-852-9068,Bipol I currnt manic NOS
283,Onofredo,bY9(iEQ&{kaE,Dowey,Nollie,ndowey7u@joomla.org,231-124-4185,Bronchiectasis w ac exac
284,Alyda,aS8*ZI3ctHdF,Tewnion,Lilas,ltewnion7v@wix.com,620-673-4783,Ch emblsm up ext NOS
285,Nappie,oZ1/*HeAc,Giorgioni,Melisenda,mgiorgioni7w@ovh.net,761-294-9810,Chr duod ulc hem/perf-ob
286,Gib,"qS5,lvDIS3$Ly`~",Makinson,Emyle,emakinson7x@phoca.cz,850-219-5835,Pois-uric acid metabol
287,Novelia,aH0.Y(b17o,Talby,Dorian,dtalby7y@vinaora.com,229-912-4588,Umbilical hernia
288,Ula,tQ0|2Eg(`whTe,Bloxsom,Phaedra,pbloxsom7z@hhs.gov,773-287-1663,Talipes equinovarus
289,Worthington,"uQ0&&eX,",Troppmann,Timothee,ttroppmann80@ucoz.com,447-998-4129,Fam hx digest disord NEC
290,Ebba,cJ1{r)YZxk=S|4pT,Pickerill,Ailis,apickerill81@mapy.cz,144-558-6521,Conduct hear loss tympan
291,Umberto,dP6&FvGH0+T8%q,Charrette,Ollie,ocharrette82@microsoft.com,767-989-7098,Early skin yaws NEC
292,Maiga,cO3+eUIKwYT>b0@e,Fishburn,Anabella,afishburn83@un.org,114-138-7968,Insufficnt prenatal care
293,Marlo,bX5?sJSvThJItA_,Livett,Olav,olivett84@bizjournals.com,615-678-8807,Kaschin-beck dis-hand
294,Shayla,zK1&D3?Al!zJ,Marusyak,Fredrika,fmarusyak85@yelp.com,353-512-8631,Dvrtcli colon w/o hmrhg
295,Hilarius,gE8.Mpgkl7?$W,Chivrall,Meggie,mchivrall86@wp.com,833-316-9047,Injury trunk nerve NEC
296,Andros,fO3}oo@d?,Master,Allina,amaster87@arizona.edu,823-254-4585,Precipitate labor-unspec
297,Annamarie,"qO1>AiD~_1,",Tyzack,Eleen,etyzack88@skype.com,502-535-1910,Reiter arthritis-forearm
298,Elnar,hL7'`}dhr,Venour,Sherlock,svenour89@apache.org,538-453-0189,Laundry
299,Teddy,oJ1'ywqJ,Fredi,Oralle,ofredi8a@is.gd,312-759-3541,Postsurg hypoinsulinemia
300,Wally,fQ5>hFF2H>*|1Cv,Yarnton,Pru,pyarnton8b@exblog.jp,716-821-2115,Staph pneumonia NEC
301,Nert,"qL6)_P""9j\*>IE",Mowle,Frederich,fmowle8c@amazon.co.uk,718-504-7770,Legal abort w shock-comp
302,Haywood,"uB5>x!}Bc'""*",Baldi,Sandi,sbaldi8d@va.gov,864-557-3280,Pyrophosph cryst-unspec
303,Marty,"jP6,tIERp",Garces,Orsola,ogarces8e@ftc.gov,338-704-8805,Cor ath unsp vsl ntv/gft
304,Lincoln,gE9'O))mdr\JddnH,Vlahos,Marty,mvlahos8f@elpais.com,834-856-5005,Ac embl thorac vein NEC
305,Daryl,oT3+1+i)h,Moehler,Jamill,jmoehler8g@seattletimes.com,936-650-5231,N-traf brd/alit-pers NOS
306,Patrick,mI1(0$M_9&ZS,Bamford,Giraud,gbamford8h@tmall.com,230-131-7874,Low birthwt 2000-2500g
307,Artemas,yN0%/fd.I|0d,Innocent,Sim,sinnocent8i@dot.gov,970-721-7665,Exces interocclusl-teeth
308,Galvan,qW5)P&HG,Staveley,Timi,tstaveley8j@1688.com,168-198-7722,Mal neo lymph-axilla/arm
309,Zacharias,jY0_?bnS$,Arlott,Jacquie,jarlott8k@ameblo.jp,988-687-9269,Stenosis ear d/t trauma
310,Luelle,nM3.L!~X3zs*,Sansom,Lucille,lsansom8l@amazon.com,659-252-2799,Tubal preg w/o intra prg
311,Franciskus,uV0>qTJ#<t,Itzchaki,Wolfgang,witzchaki8m@w3.org,473-768-4966,1st deg burn ear
312,Lurette,aS0=~NCX&{.*z/zX,Gerault,Nigel,ngerault8n@qq.com,356-543-6886,Attn deficit w hyperact
313,Page,uD4+2j.t(U@5vD,Kingswold,Lin,lkingswold8o@bloomberg.com,143-964-3874,Need prphyl vc varicella
314,Lance,"zZ8%G8H""yo",Kroger,Nyssa,nkroger8p@goodreads.com,580-468-0441,Sparganosis
315,Barbi,jB3`z?2\|,Ybarra,Orbadiah,oybarra8q@elpais.com,406-997-3366,"Actv Meniere,cochlvestib"
316,Antonella,kJ9@Kc8*X}+ul),Calder,Prudi,pcalder8r@businessweek.com,934-736-1626,Primary CNS lymph abdom
317,Lea,eN9!6QxoaCcTV,Jereatt,Ugo,ujereatt8s@goo.ne.jp,715-840-7858,Diffus interstit keratit
318,Melitta,aA6!'Ct0e~#n,Scanlin,Hinda,hscanlin8t@nhs.uk,989-514-0627,Acq absence urinary trct
319,Elissa,aG8.tkUb{k<|,Darrow,Irina,idarrow8u@bbc.co.uk,901-404-6184,Acc poison-lead paints
320,Brigitte,qQ2$CYoc8%Sa,Soal,Krystal,ksoal8v@cocolog-nifty.com,509-309-7750,Open brain lacer-concuss
321,May,"tW4@76OX""N",Medland,Daren,dmedland8w@smugmug.com,866-267-8718,Intes infec adenovirus
322,Baxy,uG2|gfAyf0q,Buye,Nettle,nbuye8x@amazon.co.uk,594-693-9698,Vaccin for bact dis NOS
323,Miguel,fG9.Yedig2H<`3,Feighney,Blisse,bfeighney8y@shareasale.com,263-143-3248,Status amput ankle
324,Arther,hD7_x/KdJ'C`o,Vermer,Rhodie,rvermer8z@nhs.uk,241-532-3550,Echo virus meningitis
325,Harlen,nQ3>b4lZIGDIx,Hame,Aloysius,ahame90@pinterest.com,617-314-3934,"Dysphagia, oropharyngeal"
326,Nariko,uU1{ZUjjKr<,Mattiazzo,Reba,rmattiazzo91@goodreads.com,126-278-5100,Myelitis cause NEC
327,Mattheus,gH0'%D_$G,Nimmo,Virginie,vnimmo92@usgs.gov,542-465-6630,Brach plexus inj-birth
328,Ruddie,bR0?uj%aU,Gaye,Gertie,ggaye93@jigsy.com,936-480-7805,Spon abor w pel inf-comp
329,Romonda,"fO1~9#D'.6T3,Yy",Thirtle,Dosi,dthirtle94@bloomberg.com,456-509-3299,Stat ob w/o sub fall NEC
330,Jarvis,oI1>INjUK9u0su?,McLay,Hildy,hmclay95@noaa.gov,889-802-9129,Hx traumatc brain injury
331,Magda,aV2//$w'J,Wrangle,Stanwood,swrangle96@businessweek.com,752-491-9457,Wound disruption NOS
332,Danny,rK7!}\3Jd0#3g,Ridler,Noam,nridler97@xing.com,207-177-9914,Deep 3rd deg burn back
333,Fiorenze,aA7#cKlHtxjATl,Stevani,Mayne,mstevani98@google.co.uk,946-112-4155,Dislocat elbow NEC-close
334,Ursola,pO7#=e}#TQi13v,Blaschek,Philipa,pblaschek99@admin.ch,695-402-0764,Sec hyprprthyrd nonrenal
335,Tabb,"yU5'!,Vw>2o",Abeles,Esra,eabeles9a@smugmug.com,586-185-3708,Jt derangement NOS-ankle
336,Emmie,cP2%CYBpd\rql.,Puttan,Marjory,mputtan9b@cnn.com,420-255-0480,Opioid abuse-in remiss
337,Corabelle,sQ6<D3O&Y,Wince,Andrus,awince9c@meetup.com,795-559-7582,Malig neopl-transp organ
338,Xylina,uB4?9dw6IwL!D,Fahrenbacher,Lindsay,lfahrenbacher9d@amazon.com,840-604-1116,Cl skull fx NEC-brf coma
339,Ailene,"iB6*.Cg,",Cranson,Gaby,gcranson9e@godaddy.com,417-911-3755,Adv eff psychostimulants
340,Sherman,sD8{LsJ>mK5,Abrahim,Deane,dabrahim9f@huffingtonpost.com,731-217-4744,Contaminated drug NEC
341,Darby,xL8+tT+QqYwSH),Desesquelle,Mathe,mdesesquelle9g@drupal.org,302-652-2488,NB hemolyt dis-abo isoim
342,Morissa,rP1=x?v#zG0,Telford,Joey,jtelford9h@rambler.ru,967-316-0189,Mucosits d/t antineo rx
343,Agata,kO8(hQGHz@hd%_T,Losbie,Jordanna,jlosbie9i@vistaprint.com,154-877-1254,Goniosynechiae
344,Gennie,"mQ3}e+k2Ri_Pl,",Ruter,Peyter,pruter9j@about.me,902-245-2557,Maternal infec aff NB
345,Debora,gX2)>*(F{ZS)a2,Leggett,Nealy,nleggett9k@theglobeandmail.com,588-175-6657,Vacuum extrac del aff NB
346,Nisse,lX6`Ev<udqNXiHQW,Joffe,Chrysa,cjoffe9l@chicagotribune.com,152-490-6008,Ankyl vert hyperostosis
347,Electra,eR2}$B@}V,Cremer,Jens,jcremer9m@abc.net.au,495-490-1348,Pulmonary TB NEC-no exam
348,Mercie,wU5}tz26?,Horche,Inez,ihorche9n@usda.gov,567-828-0998,TB lung nodular-cult dx
349,Ferd,oL2|1PaR7|Qs#,Corain,Lilly,lcorain9o@nydailynews.com,173-445-3543,Air press chnge: aircrft
350,Val,"pS7\3+l,zk#A",Di Meo,Arnie,adimeo9p@reference.com,695-615-4111,Neurogenic bladder
351,Teodora,"iA1>+fAeqx""}xj",Ardern,Aurea,aardern9q@jimdo.com,197-808-7391,Bone infect NOS-forearm
352,Ivar,rV6=qKv{xG3@GQr,Walliker,Whitney,wwalliker9r@google.com.au,497-991-6991,Primary CNS lymph multip
353,Timofei,kJ5{a?0t40*(K6,Marjot,Jenelle,jmarjot9s@youku.com,442-356-2592,TB bone/jt NOS-oth test
354,Kathrine,nA2\mXJ\x,Kittle,Prentice,pkittle9t@free.fr,531-384-8464,Forcep deliv NOS-unspec
355,Eartha,"oU5,,v,FnY",Cawtheray,Alyse,acawtheray9u@foxnews.com,730-978-3511,Hemangioma NOS
356,Kassia,yE6.'3I>>z0~*s,Twatt,Arri,atwatt9v@ed.gov,441-467-0173,Cl skull fx NEC-coma NOS
357,Jammie,fI4<Q(ap1c,Morman,Vito,vmorman9w@ning.com,605-425-6136,2nd deg burn lip
358,Vale,hI2%oHU3r,Van Geffen,Odo,ovangeffen9x@cocolog-nifty.com,962-848-8104,Bulimia nervosa
359,Wendi,sQ2{LPNy?RLE+5Pd,Harbidge,Easter,eharbidge9y@ucoz.ru,468-445-7237,"Dieulafoy les,stom&duod"
360,Gates,"yC6.qMO98,Y}aSBm",Cunnah,Charmain,ccunnah9z@mit.edu,484-136-8625,Mal neo pancreas body
361,Jeannie,hE1>'Rs+Et_BNkt,Potts,Sandie,spottsa0@apple.com,772-825-8442,Pulmon circulat dis NEC
362,Netti,cH0~.H9/_0PDXX,Halbeard,Delaney,dhalbearda1@cyberchimps.com,294-583-3728,Bacteroides fragilis
363,Morris,lD9!MAp#o7kNY},Garroway,Brody,bgarrowaya2@google.ca,722-495-8826,Squam cell ca skin trunk
364,Ginnie,"mY7?=E?~%""",Marks,Chelsie,cmarksa3@tinyurl.com,244-410-6170,Flat foot
365,Dulcia,pS3~N%~zPlc,Heinsen,Corina,cheinsena4@wp.com,279-145-2900,Anesth compl-antepartum
366,Tally,fZ3!LTlYi5%,Taberner,Wynne,wtabernera5@columbia.edu,109-672-4720,Dental caries - pulp
367,Penny,tN2}L9(ei(cirw/,Rabley,Shaun,srableya6@patch.com,355-209-9966,Oth VD chlm trch lowr gu
368,Ester,eJ9.UZ)CY,Reymers,Priscilla,preymersa7@naver.com,887-316-6321,Pap smear vagina w ASC-H
369,Levey,"vX4=.x/E7Z""=w>",Ciardo,Filbert,fciardoa8@ebay.com,620-920-2105,Fall-psng comm aircraft
370,Cully,vU4$}r+KeE8H,Cameron,Berny,bcamerona9@odnoklassniki.ru,443-191-2310,Endocrine disorders NEC
371,Giselbert,"cH0#~`354""8",Mills,Devy,dmillsaa@va.gov,129-610-4250,Zygomatic hypoplasia
372,Gilberte,hT9#c<a%|MM,Kornilov,Lorette,lkornilovab@omniture.com,200-539-2166,Fum/vapor bronc/pneumon
373,Nate,gE6!S1+u}l2n,Espinoza,Garreth,gespinozaac@ow.ly,492-791-4746,Lumb disc dis w myelopat
374,Reese,iA2`Dpj@,Clarke,Agneta,aclarkead@jigsy.com,842-573-8386,Loc osteoarth NOS-unspec
375,Claude,"dQ3,,LgcM3j/<9",Buttrum,Neale,nbuttrumae@t-online.de,608-928-6112,W/craft fall NOS-swim
376,Lela,sS2$uZAv`=zj6q,Gallichan,Scott,sgallichanaf@uol.com.br,721-125-1992,Narcissistic personality
377,Mollee,uV9<KjZr@sZ'Y)E,Wherton,Tobie,twhertonag@thetimes.co.uk,270-766-4003,Renal & ureteral dis NEC
378,Shela,lN8>V$Qzz/yYo4+L,Walter,Rob,rwalterah@rediff.com,848-360-5207,Central pterygium
379,Danyelle,"bE6$8o&)rO,F{s1M",Osbidston,Matelda,mosbidstonai@eepurl.com,823-126-1933,Periph T cell lym abdom
380,Almeta,vX5&7Hae#{,Saich,Dianne,dsaichaj@geocities.com,600-461-2125,Screen-rheumatoid arthr
381,Gideon,kI1{Qu$z_?,Cornels,Lyle,lcornelsak@nih.gov,220-588-0610,Sprain distal tibiofibul
382,Guido,vD2&hQG6,Mowsley,Susy,smowsleyal@vkontakte.ru,451-934-6370,Hodgkins dis NOS head
383,Kaiser,wC7%05lhDzL(*,Ellcock,Weider,wellcockam@psu.edu,362-312-1034,Sprain carpal
384,Dukey,oE8?yT%CQ5/%$,Vedenyapin,Halette,hvedenyapinan@auda.org.au,257-410-0956,Part anom pulm ven conn
385,Verena,wC0'#3(h3/h9~>,Bernaldo,Krystle,kbernaldoao@webeden.co.uk,938-303-8987,Atrophy of breast
386,Siffre,mT6>$pw8,Benns,Alie,abennsap@reverbnation.com,503-596-2036,Vaginismus
387,Elana,iO2{OPhH%B?A,Mingaud,Karin,kmingaudaq@scribd.com,490-583-7476,Follow-up surgery NEC
388,Sophie,eR3<\uLPX.|8,Klazenga,Phillipe,pklazengaar@slashdot.org,395-568-0250,Supervis normal 1st preg
389,Padraig,wD2)_y`fm4|',Archbell,Agnes,aarchbellas@shop-pro.jp,525-944-8836,Mult epiphyseal dysplas
390,Cariotta,sP7<7vdmH53Pt7hG,Loach,Constantino,cloachat@salon.com,708-999-9344,Primary CNS lymph head
391,Jude,cM7!3ok>3P6&,Twining,Magnum,mtwiningau@mayoclinic.com,693-647-7857,Injury uterine vein
392,Pedro,"mN4""{bS!QYUIC/",Burgot,Milty,mburgotav@ibm.com,382-709-8659,3rd burn w loss-axilla
393,Hyacinthe,wC6'_e&a`9<zHj,Cuschieri,Alexandrina,acuschieriaw@people.com.cn,710-334-4415,Hypoactive sex desire
394,Wendie,"tD4>""QGnKNL",Nanetti,Melina,mnanettiax@addthis.com,873-462-0438,Ac apical periodontitis
395,Emory,cW7*@r_kI,Menichillo,Zebulen,zmenichilloay@yandex.ru,853-755-1627,Accident in place NOS
396,Frieda,aM1(qDMASiJ,Shirt,Milzie,mshirtaz@patch.com,414-274-2392,Flu dt avian manfest NEC
397,Hettie,mL9?IK&*p,Rickard,Inger,irickardb0@fc2.com,537-122-4300,Ch leu un cl wo ach rmsn
398,Martino,mB4=+/(N,Bailes,Ernie,ebailesb1@trellian.com,641-810-8346,Blepharospasm
399,Bearnard,cQ5<zBr~,Diggell,Florida,fdiggellb2@senate.gov,470-618-8538,Surg compl-body syst NEC
400,Marcela,"cE3,mm7D3l\$S`Hb",Deely,Dagny,ddeelyb3@sphinn.com,343-520-1453,Digestve syst symptm NEC
401,Kalli,zS5+3g0#/4&*?CuI,Vuittet,Ailina,avuittetb4@redcross.org,890-573-3207,Lt-for-dates 1500-1749g
402,Lee,vK0'k%S*asiBh),Huller,Jesse,jhullerb5@yellowpages.com,502-560-6550,Gouty tophi of ear
403,Chantalle,"mR7,mjW%rMr{Ek",Moncrefe,Boony,bmoncrefeb6@rakuten.co.jp,539-894-6456,Fx anat neck humerus-opn
404,Raquela,xZ7|NyG+`&,Rastrick,Cheston,crastrickb7@163.com,475-329-4873,Nodular lymphoma inguin
405,Devin,"yD8@W~n\V,1n""",M'Chirrie,Bing,bmchirrieb8@dedecms.com,518-764-6743,Breech present-antepart
406,Arda,oJ4(=M'cX1_@,Ingledow,Jewel,jingledowb9@google.de,619-319-8120,Pneum w cytomeg incl dis
407,Rosamund,"dH4#jZV*AI_,go$",Cicculini,Brook,bcicculiniba@ucoz.ru,102-266-8532,Twin-NOS-in hosp w/o cs
408,Dmitri,qD5%0Qx/b0,Magrane,Rayner,rmagranebb@redcross.org,689-693-4661,Unequal leg length
409,Web,iO0`c#X2T{+t},Kebell,Maurizia,mkebellbc@wunderground.com,799-318-5767,Oth off-road mv-mcyc psg
410,Damiano,"xJ8""Y!5WWuYg",Esplin,Lyn,lesplinbd@stanford.edu,742-268-9270,"Syndactyly, multiple/NOS"
411,Lura,kY5@!tLFY&6vh(E,Bussens,Norine,nbussensbe@storify.com,766-502-5327,Probl w internal org NOS
412,Teresita,yX3~d}REy*,Cusworth,Van,vcusworthbf@archive.org,245-367-8638,Deep 3 deg burn forearm
413,Rolph,aP3$a/2m?rVOEJA`,Jenkyn,Reagan,rjenkynbg@vistaprint.com,166-462-9776,Tk off/land-parachutist
414,Edin,fC8_<Sm6Fm*\Bj4e,Parmeter,Erskine,eparmeterbh@phpbb.com,474-965-6140,Pois-phenothiazine tranq
415,Rani,oK1=oxzjIP'oKsW4,Brazelton,Eamon,ebrazeltonbi@nih.gov,658-132-3471,"AMI inferopost, unspec"
416,Joice,vZ3/SK*M0O,Heath,Deva,dheathbj@domainmarket.com,838-975-5044,Choledochlith/gb NEC-obs
417,Ethel,"mV6,P=bw",Lambshine,Dietrich,dlambshinebk@domainmarket.com,282-382-5615,C5-c7 spin cord inj NOS
418,Pepillo,"iV5<""Zjd",MacDermid,Maryann,mmacdermidbl@forbes.com,865-219-0345,Hair disease NOS
419,Nady,"wM7""Me5r",Wohler,Nicolina,nwohlerbm@answers.com,311-250-9119,Syst rheum arthritis NEC
420,Keith,"hG4""P?hgmk39gM",Paddle,Ardene,apaddlebn@irs.gov,315-541-0393,Malig neo glans penis
421,Justus,eI6?x70k_~N,O'Cuddie,Jonathon,jocuddiebo@stumbleupon.com,670-607-1214,Contracted palmar fascia
422,Meier,"xP7""|)}s+Z?<",Marchiso,Dottie,dmarchisobp@gov.uk,480-741-0125,Poisoning-expectorants
423,Dannel,hH7$mreyt!,Marvelley,Van,vmarvelleybq@wunderground.com,784-687-5109,Louping ill
424,Nonna,fK6{q\>$,Getsham,Adelaida,agetshambr@nationalgeographic.com,756-299-3199,Malayan filariasis
425,Fabe,uK6(PA8&q%|,Tims,Bert,btimsbs@boston.com,768-408-1275,RR acc NOS-passenger
426,Lancelot,jE7#!V73iiUh4,Gifkins,Beverlie,bgifkinsbt@scientificamerican.com,540-480-6672,Amebiasis NOS
427,Tiffany,jM5{*X~N'!`4S,Rangle,Morgana,mranglebu@altervista.org,796-985-2539,Radial nerve lesion
428,Andy,pT6.=$W>,Cullip,Francis,fcullipbv@e-recht24.de,599-862-5861,Adv eff antineoplastic
429,Pepillo,"lE0""Q&<w4g&,B@Kx",Harrigan,Bev,bharriganbw@livejournal.com,472-876-5225,Ot art emb/thrm abd aort
430,Reggy,"jS4*\tF,Q(#ZX_?",Kaesmans,Gardiner,gkaesmansbx@google.nl,766-697-0101,Disorder of ear NOS
431,Abrahan,"gR4/ENE.sVoV""*",Broek,Vanessa,vbroekby@stanford.edu,193-567-1840,Mach acc-occ power boat
432,Tyrone,dD7!)6vA4ES/=#,Goodliffe,Darill,dgoodliffebz@weather.com,217-927-3617,Acute syphil meningitis
433,Freida,eE8}ja5J>},Kropp,Rosaline,rkroppc0@shareasale.com,962-256-0528,Watercraft acc NEC-power
434,Jacquette,iG4.WhUczsR2E,Parrett,Darnell,dparrettc1@phoca.cz,535-793-3449,Mood disorder other dis
435,Glenn,rG8+6V$={p>x,Eversfield,Rowe,reversfieldc2@fotki.com,891-224-3903,Sec DM oth nt st uncontr
436,Doyle,cP1_8B}W{5XL,Easdon,Teddy,teasdonc3@chron.com,192-753-7986,Arthropathy NEC-unspec
437,Brianne,iQ8=FpKrg|u,Dorken,Rheta,rdorkenc4@sogou.com,752-203-3509,Hyperemia of conjunctiva
438,Kerry,iF9{!&9Y}I,Dwire,Breena,bdwirec5@de.vu,774-232-6866,Mansonella ozzardi infec
439,Iago,uK7$&&MY,Foss,Sandro,sfossc6@163.com,655-526-6824,Malign neopl prostate
440,Barry,yJ1?R/`tHJ/,Baynton,Myra,mbayntonc7@state.gov,628-474-9325,Recurrent cornea erosion
441,Jori,"oM2@2HS'p""K=!4Y",Whissell,Glory,gwhissellc8@wisc.edu,185-932-1473,Simpl schizo-chr/exacerb
442,Jone,aI7&7pnS1w9Y,Bradder,Kane,kbradderc9@freewebs.com,544-281-5732,2nd deg burn hand-mult
443,Jamison,"hP6=p7,Mo7&c&Y",Tivers,Bevvy,btiversca@google.ca,812-796-1287,Feeding problem
444,Ki,gP9/S./CLOaL96bC,Jaulmes,Abbe,ajaulmescb@engadget.com,885-322-9053,Dermatophytosis of nail
445,Gusty,rN4}}9Sc$Y2X,Ayliffe,Huey,hayliffecc@blogger.com,723-780-2264,Ac polio NOS-type 1
446,Goran,"qU4#x!\,P(at.kd",Haggard,Doralynn,dhaggardcd@rediff.com,390-144-5242,Iron defic anemia NEC
447,Bathsheba,cI5|KDLwI,Quinby,Cassandre,cquinbyce@alibaba.com,488-186-4229,Acute pain NEC
448,Paul,cT6'UTX4U#=1m(W,Castellanos,Kelly,kcastellanoscf@comsenz.com,780-107-1725,Abn pulmonary func study
449,Dinnie,aK3?56~5$D)VIc+Z,Aireton,Danny,dairetoncg@examiner.com,422-502-3095,C1-c4 fx-op/ant cord syn
450,Beverlee,sU6=kK?Gm(A,Narducci,Boyce,bnarduccich@usda.gov,151-873-6833,Submers NEC-passenger
451,Demetre,yF0{Y'b*zh,Tailby,Gennie,gtailbyci@msu.edu,739-917-0652,Diabetic retinopathy NOS
452,Mauricio,eL5(2_=T0Y8fi,Foukx,Torrey,tfoukxcj@paginegialle.it,924-324-1472,Ac ischemic hrt dis NEC
453,Chevalier,eR2|vyI#?M<Q,Alliston,Lindy,lallistonck@irs.gov,953-219-3663,Abn pelv org NEC-postpar
454,Launce,zT2(N@B@uw|G,Bantock,Stanislas,sbantockcl@storify.com,268-656-4642,TB epididymis-unspec
455,Nessa,"nA5{""i!v=",Deniske,Morey,mdeniskecm@slideshare.net,726-765-2720,Hx of arthritis
456,Frasquito,"gV5""""q!70'",Shoppee,Gare,gshoppeecn@harvard.edu,268-516-0612,Necrosis of tooth pulp
457,Amber,mP8||\ITfu\MJ,Waldera,Aubrette,awalderaco@exblog.jp,294-555-9791,Op skul vlt fx-deep coma
458,Serene,dP9*ojfWb1Y+9H,Chrisp,Libbi,lchrispcp@businesswire.com,676-513-9410,Miliary TB NEC-exam unkn
459,Stephan,"qB9&2g~y,",Mahaffey,Arney,amahaffeycq@chron.com,281-694-9138,Osteodystrophy NOS
460,Ben,"cE3\?""H`#",Tildesley,Esta,etildesleycr@noaa.gov,199-463-5138,Prsnl hst unsp nfct prst
461,Tabbie,jU6.RK5*j,Mercey,Charline,cmerceycs@freewebs.com,903-252-5996,Myotonic musclr dystrphy
462,Maurits,"pS5'gNluEKb,",Lewzey,Karlik,klewzeyct@canalblog.com,238-943-9716,Fet/plac prob NOS-unspec
463,Ruthie,dD5.#d|`la{lk2F$,Patullo,Benedict,bpatullocu@reuters.com,750-882-6276,Fx scapula NEC-closed
464,Blisse,aJ4!yUbco6,Van Der Weedenburg,Lemmie,lvanderweedenburgcv@soup.io,733-950-9256,Diaper or napkin rash
465,Cherianne,"lZ0>U7XA_vS6,|q",Lumbley,Hanan,hlumbleycw@yahoo.co.jp,100-701-7074,Radicular cyst
466,Katee,tJ3/QpY',Osmon,Dale,dosmoncx@elegantthemes.com,262-425-1733,Pois-purine diuretics
467,Tadeo,tS2!CgXZ07\v,Ivanonko,Domenico,divanonkocy@networkadvertising.org,394-418-4887,Hair anomalies NEC
468,Lyman,oM8%NR5k,Munton,Merlina,mmuntoncz@is.gd,125-450-1639,Ocular hypertension
469,Devora,kW5'x|Cg,Crosfield,Jaynell,jcrosfieldd0@un.org,532-224-4003,Dissociatve identity dis
470,Olimpia,yH0$zh.Ed&X,Veldstra,Julina,jveldstrad1@ask.com,358-709-0820,Mal hy ht/kd st V w/o hf
471,Denise,"iY3@*{?m?$F}?~d""",Isack,Kyrstin,kisackd2@a8.net,864-365-3411,Fx coron proc mandib-cl
472,Warren,wH5~MK%~=u'OCLs.,Larive,Donnie,dlarived3@dedecms.com,284-866-6363,Aphasia
473,Frederich,cG1|q.k4_J,Kleehuhler,Chrysa,ckleehuhlerd4@elegantthemes.com,639-502-8540,Chr lymphocyt thyroidit
474,Dill,wH8\rBCIg8gcu,Orgel,Roselia,rorgeld5@purevolume.com,445-651-1887,Nodular episcleritis
475,Paco,"rH5""Qc%B",Corrington,Morgen,mcorringtond6@wsj.com,132-643-4352,Oth mono leuk in relapse
476,Vivian,qH5\ykwT5*fr,Worsley,Spencer,sworsleyd7@youku.com,967-149-0462,Acc poison-acids
477,Leona,"mR3,)>ed(E?&",Gubbin,Thor,tgubbind8@reuters.com,543-768-5078,No proc/contraindication
478,Heall,kK2$ZY44SWh{6s,Else,Paxton,pelsed9@naver.com,725-501-1844,Schizoid personality NOS
479,Vivian,"vO9#h""dT'<VGTe",Hyndman,Curr,chyndmanda@blogs.com,492-934-7285,Vrnt mgrn wo ntr mgr NEC
480,King,zP2`U#botq.(F!Y>,Biasotti,Christian,cbiasottidb@hhs.gov,548-716-6786,Effects radiation NOS
481,Prudy,qX9$H?lRC+i0+,Hamel,Trevor,thameldc@xinhuanet.com,945-450-2657,TB thorax node-histo dx
482,Vina,hA1+xq$D~oUrB9,Dripps,Janis,jdrippsdd@wikipedia.org,756-405-3951,One eye-total/oth-normal
483,Lizette,mK7/ky\(,Macconaghy,Olin,omacconaghyde@nature.com,881-705-5978,Arthropathy w skin dis
484,Danielle,wQ8$%=!h,Abade,Emmy,eabadedf@seesaa.net,749-254-8718,Leprosy NEC
485,Loutitia,sS8)4H_(j2tC,Marsham,Lyman,lmarshamdg@scribd.com,371-245-8012,Eclampsia-unspecified
486,Gigi,cC8`{iAO,Biaggioni,Mordecai,mbiaggionidh@prnewswire.com,544-460-7440,1st deg burn chest wall
487,Kathleen,"cC8}m""VOr3gFEPj~",Fosdyke,Diane,dfosdykedi@flavors.me,720-281-2475,Toxic eff soap/detergent
488,Lothaire,tL1/|Zqoy6,Glede,Crysta,cglededj@marketwatch.com,980-596-5230,Cns TB NEC-exam unkn
489,Jodie,vN3%AK(a@,Huster,Cesar,chusterdk@state.tx.us,474-313-5799,Cl skull vlt fx-coma NOS
490,Jennette,lQ2>5b~y0P$3l5,Sawter,Megan,msawterdl@soundcloud.com,694-940-8714,Fetal comp in utero-ante
491,Glennis,"tW6""'V?x",Martschik,Noel,nmartschikdm@skype.com,845-331-6459,One eye-severe/oth-NOS
492,Gelya,oC9)i>=$k,MacDermid,Harli,hmacdermiddn@blogger.com,557-415-2270,Unc behav neo male NEC
493,Austine,eQ9#!Iinj)2Ul,Brosius,Parker,pbrosiusdo@e-recht24.de,304-388-3042,Nuclear cataract
494,Dexter,wY8|_Eg>7N?u+,Bithell,Rosette,rbithelldp@lulu.com,271-908-6029,Mal neo cheek mucosa
495,Swen,vH2.qv7yF?,Couves,Druci,dcouvesdq@globo.com,266-642-3836,Infusion reaction NEC
496,Gav,"pT0""G!Sl|",Farebrother,Laurel,lfarebrotherdr@exblog.jp,855-359-7636,Deep throm antepar-deliv
497,Lorne,"eY5.Z`u,@&",Cunliffe,Herbert,hcunliffeds@yandex.ru,890-979-2859,Cl skul vlt fx-deep coma
498,Ethelbert,wW7|Q#<a~8*rU',Betser,El,ebetserdt@harvard.edu,524-474-8265,Chr duoden ulcer w hem
499,Esme,hL9=jG|Hv''oitSb,Flory,Mario,mflorydu@youku.com,992-386-6842,Deep vein thromb-antepar
500,Nert,"qT3.R+`,N+*6&c,Y",Bearblock,Agathe,abearblockdv@cnbc.com,402-836-4802,Ant horn cell dis NOS
501,Sid,"gD1*tQ?L`_,2",Lorain,Waylen,wloraindw@google.com.au,167-829-1392,Genetc sus mult endo neo
502,Olly,hU0(qpRZ,O' Neligan,Evangeline,eoneligandx@bigcartel.com,810-565-0790,Fx femur intrcap NOS-opn
503,Bert,"mV0+""gr&,3Hi<cdT",McEvon,Catlin,cmcevondy@hhs.gov,769-944-8569,Exfl d/t eryth 80-89 bdy
504,Filmer,mS8$z$'e6\!nY,Wittrington,Jacques,jwittringtondz@va.gov,605-761-7873,"Retinoph prematr,stage 2"
505,Andrea,wW6}3sdOZ_7my*JW,Catanheira,Yehudi,ycatanheirae0@statcounter.com,880-443-8416,Chr eustachian salping
506,Raquel,aC2|_lJO=,Stonebridge,Jorgan,jstonebridgee1@yolasite.com,798-693-8188,Multiple contusion trunk
507,Carson,oF7+y)h8t,Grog,Elnore,egroge2@yale.edu,796-347-2966,Deep 3rd burn genitalia
508,Leigha,"mQ7@aM\#YY0zl""A",Tildesley,Bourke,btildesleye3@barnesandnoble.com,975-857-4719,TB laryngitis-oth test
509,Happy,qZ7##x<*N,Adney,Val,vadneye4@census.gov,196-155-1927,Chro kidney dis stage I
510,Abelard,gC3{NyGXe+?,Danes,Charlot,cdanese5@friendfeed.com,649-663-8656,War inj:expl mine-cease
511,Martainn,eF7~GZQY32V%N~,Cronin,Creighton,ccronine6@hugedomains.com,903-780-5811,Hodgkins granulom inguin
512,Goober,"cI5{""7fd2{",Glyssanne,Junette,jglyssannee7@redcross.org,474-150-9579,GI injury NEC-closed
513,Lelah,gZ9}@DPPF,de Pinna,Dionisio,ddepinnae8@washingtonpost.com,196-464-1663,Pulpitis
514,Fay,tX6{WOrd3UOX,Yakunkin,Caryl,cyakunkine9@slate.com,136-393-4163,Ac append w peritonitis
515,Juliana,"aU8""_6&i",Naisbitt,Timmy,tnaisbittea@mapy.cz,334-430-1144,Mal neo lower 3rd esoph
516,Magda,tF6&'Q>Ml5*a,Adshead,Marcia,madsheadeb@clickbank.net,793-491-6503,Uterine endometriosis
517,Wanids,rX9$l7M%H,Myers,Dorita,dmyersec@e-recht24.de,505-218-2389,Chilblains
518,Claudette,wO8#XCf|T?t<}2FE,Cranke,Amalie,acrankeed@ehow.com,161-965-4705,Impulsiveness
519,Bunnie,"iF1""q'XpaJniM",Gowanlock,Sara,sgowanlockee@furl.net,760-900-1186,Obs/eval exp biol NEC
520,Larine,"aH4(<,.`fW){/Y$o",Cowton,Connie,ccowtonef@virginia.edu,637-781-4767,Optic disc anomalies
521,Bord,yF4@I!'>#Jm,Brinkler,Noami,nbrinklereg@yellowbook.com,319-277-0845,Conjunctival concretions
522,Elysha,vC7~kRA=,Albers,Yettie,yalberseh@tamu.edu,515-928-8607,Preg w poor reproduct hx
523,Alfy,nH4`F>BCQy'86@',Piperley,Stearn,spiperleyei@whitehouse.gov,839-619-7219,Joint dis NEC-shlder
524,Rees,iL5|V8'N`,Minchenton,Nannie,nminchentonej@mtv.com,988-144-7053,Adv eff antiasthmatics
525,Chrissie,mL2+)a'sO)gLrtYu,Norval,Rosamund,rnorvalek@about.me,139-446-1371,Cl skull vlt fx-brf coma
526,Lorant,iM8\I8NQ=_I'2,Waby,Ealasaid,ewabyel@sitemeter.com,339-917-7972,70-79% bdy brn/30-39% 3d
527,Nettle,nN3\z9O`Br/y),Ferrarotti,Ellynn,eferrarottiem@flavors.me,122-951-7329,Postabortion shock
528,Eddi,mQ9_SW!FZb<NDx,Pargeter,Lorette,lpargeteren@wordpress.com,792-955-6175,Fx arms w rib/sternum-cl
529,Micheil,qH2\e`puQ,MacMearty,Donielle,dmacmeartyeo@delicious.com,874-955-9737,Exfl d/t eryth 80-89 bdy
530,Taffy,"gJ4+51.""Oz)|",Blenkinsopp,Tod,tblenkinsoppep@reference.com,579-215-5703,Prem rupt memb-antepart
531,Papageno,sN5&n.&r+xGvJ3,Camber,Marjory,mcambereq@digg.com,821-954-3323,Acc poison-analgesic NEC
532,Noah,qN3$|VZLw')Qs)b,Davidai,Rochette,rdavidaier@surveymonkey.com,950-565-8868,Pyrexia in labor-antepar
533,Brendon,oM4<~<$O',Driscoll,Blayne,bdriscolles@msn.com,662-555-8637,Flail chest
534,Sean,"pB0>L~<C,`",McNea,Georgiana,gmcneaet@economist.com,111-312-8447,Post MI syndrome
535,Arv,bI2'/?MWLz>+,Bastock,Euphemia,ebastockeu@squarespace.com,919-755-7025,Polyphagia
536,Graham,wD0/sK49.>UL(n,Striker,Meara,mstrikerev@nytimes.com,808-208-1387,Cervical (HPV) DNA pos
537,Joannes,mV0@B#1r9F`+d*3,Rown,Cheri,crownew@thetimes.co.uk,879-534-1810,Torsion appy epididymis
538,Valenka,mZ9$(/AvmSe,Kewzick,Letta,lkewzickex@fda.gov,846-950-3656,TB of bone NEC-histo dx
539,Alecia,pU7&%)*Pc?r5/+8,Galero,Claiborne,cgaleroey@weebly.com,208-404-5073,Open wound thyroid gland
540,Hube,aR1`5OH&uK$,Allflatt,Silva,sallflattez@gnu.org,794-357-7863,Induced malaria
541,Royal,"oF8,JyIkLsbZDW5",Haliburn,Minni,mhaliburnf0@bing.com,838-490-8038,Breast abscess-antepart
542,Natty,wO1.@fRQ&SNYf'o,Duffell,Heda,hduffellf1@yahoo.co.jp,516-234-5325,Opioid abuse-continuous
543,Lance,cD9?)Kr'D%>,Effemy,Cosmo,ceffemyf2@miibeian.gov.cn,628-557-6641,Hypovolemia
544,Jo,"dI1+A/h,",Jeandeau,Demetris,djeandeauf3@loc.gov,293-698-5668,Perineal lac NOS-postpar
545,Nestor,vV2*G2@Dd,Fathers,Fran,ffathersf4@walmart.com,428-620-1550,Bronchitis NOS
546,Frederik,zP8@_&zHB,Fust,Bjorn,bfustf5@theguardian.com,551-120-4667,Undetermin circ-shotgun
547,Katerina,"nI1{t,h'Hat+5@",Seathwright,Drucill,dseathwrightf6@virginia.edu,663-573-8596,Burkitt's tumor mult
548,Sonya,"jF5\HMEZSC',K",Yuryshev,Hiram,hyuryshevf7@buzzfeed.com,190-740-4811,Inf mcrg rstn ttrcycln
549,Farrell,"iV6$,T_?'/uWju|W",Siley,Tracee,tsileyf8@tinyurl.com,355-962-3329,Paraplegia NOS
550,Thaxter,yM8&Ha)OuF,Kingsland,Bronnie,bkingslandf9@vinaora.com,694-644-1528,Adv eff dietetics
551,Jobyna,"gS7#YC,_ko3m7",Giacovelli,Tessi,tgiacovellifa@webeden.co.uk,613-888-8797,Fet growth retard <500g
552,Francois,xZ2+1vCft},Dumpleton,Martguerita,mdumpletonfb@ebay.co.uk,546-802-0512,Dissect carotid artery
553,Doretta,jN9?T%E/DS*yaYt,Scoyne,Dona,dscoynefc@indiegogo.com,375-608-1668,Anom anter chamber-eye
554,Esteban,"nX9,qf4!\./&EZL",Goodhand,Clarette,cgoodhandfd@simplemachines.org,187-289-1911,Abort NOS w shock-comp
555,Aldric,qB8&9Ch#~,Heminsley,Mufinella,mheminsleyfe@dion.ne.jp,389-711-4059,Chr sphenoidal sinusitis
556,Jarrod,dZ6|jxhOl#/uG,Althorp,Tuck,talthorpff@berkeley.edu,732-187-8837,3rd deg burn hand-mult
557,Patrice,aX8)#FU_&evfB,Blanko,Othilia,oblankofg@chron.com,559-173-7252,Hem early pg NEC-antepar
558,Gracia,iS1%&BuWt9mZqE,Milne,Stacy,smilnefh@prlog.org,256-487-8163,Unil cleft palat/lip-com
559,Layne,"kK9,qs=n@",Kolak,Red,rkolakfi@about.com,132-959-4320,Cortex lacer w opn wound
560,Griffy,"aD3,od8\,IDq=g|G",Bassilashvili,Judy,jbassilashvilifj@nytimes.com,465-387-4179,Cellulitis of neck
561,Glynn,"lI6""RSKTC{fw",Clackers,Bent,bclackersfk@ocn.ne.jp,621-629-5287,Introverted dis-child
562,Edeline,kE6~hJjgSsLPZ2,McAlarney,Winfield,wmcalarneyfl@ted.com,523-623-1483,Giardiasis
563,Stillman,"xB0,VyrV",Santello,Hilton,hsantellofm@answers.com,469-256-9377,Contamination NEC
564,Mariann,nR4{y>|LQ*,Bessom,Brnaba,bbessomfn@themeforest.net,729-792-4587,GI sites - kpsi's srcoma
565,Maisie,dC2\YHH61,Gabriel,Neils,ngabrielfo@seattletimes.com,549-976-8055,Longitud defic arm NEC
566,Vincents,dF3<?q.Q46+'Hc?e,Hoyer,Constancy,choyerfp@vkontakte.ru,144-122-7692,Acc poison-pesticide NEC
567,Obed,mK1!dP`k=t9hhC~,Culbard,Anissa,aculbardfq@tripadvisor.com,857-381-3638,Complic labor NEC-unsp
568,Herb,"fJ8*c,U6Z",Beardsell,Denis,dbeardsellfr@samsung.com,941-389-3780,Hx-laryngeal malignancy
569,Avery,cS2+'2N2LyG1&,Inwood,Wolfy,winwoodfs@bbb.org,589-866-4148,Inj infer vena cava NEC
570,Bekki,cP6?uD5ZO%O(M~Y,Matusiak,Gypsy,gmatusiakft@wisc.edu,102-352-6762,RR acc w explos-pasngr
571,Darrell,oQ3?.>2'%?Gl9'XG,Lavery,Henka,hlaveryfu@umn.edu,294-237-7387,Hiv counseling
572,Kassia,rZ7?p)!g&)+88,Yielding,Billie,byieldingfv@posterous.com,487-473-5109,Mal neo pharynx NOS
573,Ellis,rU0$=a0veXc1,Tudgay,Cy,ctudgayfw@live.com,975-129-1345,Encephalopathy NEC
574,Joanna,"vS9""5VX8",Syce,Clementius,csycefx@meetup.com,607-334-7046,Dural tear NEC
575,Leeland,qM3><!TW3i#LB,Barringer,Bondon,bbarringerfy@privacy.gov.au,305-193-1720,Down's syndrome
576,Thia,"iO4,IZG5`s""C.",Goodricke,Conrade,cgoodrickefz@baidu.com,623-441-6587,Intrathorac inj NEC-open
577,Sybil,tJ9(n&L7#H,Foard,Aigneis,afoardg0@youku.com,332-921-9943,Multiphasic screening
578,Letitia,lB3>0Uc7`H`Sw5za,Keoghan,Dall,dkeoghang1@free.fr,248-532-2736,Suppurativ labyrinthitis
579,Carissa,fB9~fyhKs$zC,Brachell,Ty,tbrachellg2@desdev.cn,557-769-5566,Intestinal fistula
580,Jerald,yQ4|+HiLK)M,Stolze,Aeriel,astolzeg3@shareasale.com,312-258-7009,Indust wiring/machin acc
581,Tonnie,rM1)b#_+Zj72BM,Milmith,Annemarie,amilmithg4@clickbank.net,708-716-5545,Ac tracheitis w obstruct
582,Babette,"mH0"")a{(j4hM",O'Carrol,Clayborn,cocarrolg5@ft.com,561-436-7561,Breast dis NEC-antepart
583,Deane,dA1><oLyT6#',Uccelli,Cloris,cuccellig6@posterous.com,815-842-5551,Coal workers' pneumocon
584,Amos,bN4=/\K=`{FdKs,Stanlick,Johnny,jstanlickg7@bigcartel.com,700-704-0578,Dislocat foot NEC-closed
585,Liana,"zX0}!(@,5prcK0yY",Grieve,Gerri,ggrieveg8@statcounter.com,241-560-8028,Coxa valga
586,Simona,"vS6',g!C}B8e",Postlewhite,Any,apostlewhiteg9@ifeng.com,334-972-5960,Poisoning-halothane
587,Rice,sS3!`9vW,Karran,Kanya,kkarranga@friendfeed.com,385-472-1033,Hematometra
588,Cale,"mL8*q0S+$,oFiBI|",Abrashkov,Quintilla,qabrashkovgb@rediff.com,184-432-8203,Screen-blood dis NEC
589,Tomasina,lC5<?GY2v1`U<T9V,Sugar,Kevon,ksugargc@buzzfeed.com,398-692-4772,Transfsn rel ac lung inj
590,Waylan,rE1+g@Fq,Aizikovich,Emeline,eaizikovichgd@themeforest.net,308-708-4185,Ice and snow
591,Bryna,rP1(S`xusQl~,Jirousek,Richart,rjirousekge@umich.edu,508-405-2060,Ca in situ anal canal
592,Guillema,wV2}G@NfNaA_WJv9,Grennan,Morrie,mgrennangf@bluehost.com,338-948-7434,Surg comp nerv systm NEC
593,Elfie,"lY3,Q#k@",Fallanche,Tawnya,tfallanchegg@va.gov,919-699-0898,War inj:con warfare NOS
594,Lars,"uQ6""Vg`+$Y|WI",Bollom,Geri,gbollomgh@sciencedirect.com,477-637-0726,Puerp cerebvas dis-deliv
595,Gilbertina,"eO2,@>2XIhby8F5n",Wilbraham,Constantine,cwilbrahamgi@slashdot.org,449-124-9460,Fall on/from train-empl
596,Lorie,xP3!ebyHal8,Dax,Gail,gdaxgj@pen.io,682-104-5971,Endocard cushion def NEC
597,Cad,lM4%oG'{KI/*X,Schubbert,Fiann,fschubbertgk@edublogs.org,621-777-9050,Atrophy mandible-severe
598,Baird,hN7}B5_g*eqt*.2,Izchaki,Morton,mizchakigl@forbes.com,597-129-6351,Medullary sponge kidney
599,Phil,eM7\g#C#Rk>B9Y,Mimmack,Wildon,wmimmackgm@163.com,463-129-4594,70-79% bdy brn/10-19% 3d
600,Truman,"nQ8=pqKN,~",Thaxton,Tobe,tthaxtongn@wikimedia.org,132-334-8428,Chr margin ulc hem/perf
601,Batsheva,xN0/u(|A\?,Fullager,Franz,ffullagergo@sohu.com,637-686-6751,Variations in hair color
602,Helli,xF7>saqv,Thicking,Napoleon,nthickinggp@hhs.gov,910-664-7734,Aftrcre traum fx low arm
603,Caesar,"nD3/sK""P""",Kennon,Lizette,lkennongq@si.edu,588-651-8123,Heat cramps
604,Chauncey,uY5)khsjG(`6ID,Silley,Candice,csilleygr@flickr.com,549-288-4333,Reticulosarcoma pelvic
605,Andy,cQ1=7bCX>,Benjefield,Jody,jbenjefieldgs@army.mil,899-536-0351,Antidepress abuse-unspec
606,Ferdinande,jR1}mlvZ,Skinn,Sal,sskinngt@gmpg.org,735-117-7871,Aircraft acc-ground crew
607,Milty,cH5}!ZIB=n,Vasyukhnov,Lannie,lvasyukhnovgu@tiny.cc,551-478-6267,Capsular cataract
608,Brandy,"bT0=n,O|/RfRm",Ellesmere,Vivi,vellesmeregv@github.com,574-214-4938,Drug-induced mood disord
609,Wood,fH0*=z%'3C4,Syrad,Annabel,asyradgw@ucoz.com,173-306-8020,Crn ath nonatlg blg grft
610,Suzi,"wE4\m<FLd""\(",Duckers,Adel,aduckersgx@cdc.gov,480-272-8275,Visual disturbances NEC
611,Diane-marie,mK5)$4@jbfMY,Skowcraft,Heida,hskowcraftgy@youtube.com,308-441-1466,Bandemia
612,Jolie,qR9{Z<8\.qCowkG,Mongeot,Dennet,dmongeotgz@i2i.jp,793-324-8192,"Senile atrophy, choroid"
613,Wye,mQ2{}yCEjxO\,Pfeifer,Bucky,bpfeiferh0@meetup.com,119-483-9890,Pois serotinin reuptake
614,Rania,"uR5,kZPPKQn?14j",Habergham,Ethelred,ehaberghamh1@dell.com,949-101-6371,Obs chr bronc w ac bronc
615,Antonina,"bI3""guc7",Connell,Sydelle,sconnellh2@woothemes.com,995-137-5286,Antiphospholipid w hemor
616,Allyn,jP7=NY48_>g5e{(E,Pavett,Tessi,tpavetth3@digg.com,250-785-1648,Corneal ghost vessels
617,Palm,bZ3%9\AtDyUP{,Whatsize,Paco,pwhatsizeh4@myspace.com,755-698-6576,Intestin parasitism NOS
618,Harold,iN9+rXmp,Sissland,Ania,asisslandh5@dropbox.com,961-988-1350,Vitelliform dystrophy
619,Hallsy,dD1@<Q|x~pMUtf,Linkie,Gaylor,glinkieh6@shareasale.com,263-597-3693,Hebephrenia-unspec
620,Rodd,sJ2%S&RO=A,MacPadene,Yuma,ymacpadeneh7@over-blog.com,436-477-0032,"AMI lateral NEC, subseq"
621,Tiphany,qB1*1WZca6YSo6,Dunlap,Zane,zdunlaph8@state.tx.us,224-855-3439,Q fever
622,Vergil,dM1`xrKSpW,McPaike,Neall,nmcpaikeh9@nsw.gov.au,129-577-8191,"Amput abv elbow, unilat"
623,Francklyn,uK4.9\@{!V'0A/c=,Sokale,Justen,jsokaleha@flickr.com,723-313-6420,Rectal & anal stenosis
624,Roberto,wJ2=?%phW@\P4_,Cana,Nert,ncanahb@geocities.com,526-761-2533,Hdgk prg unsp xtrndl org
625,Gard,xA3_4<Z1Sfnc0w~%,Gething,Niven,ngethinghc@wikimedia.org,275-894-0862,Gen psychiatric exam NEC
626,Raven,yI6$?8rFu,Gioani,Davie,dgioanihd@ehow.com,228-500-4132,Legionnaires' disease
627,Agneta,bJ0@TBQM4,Grouvel,Tyler,tgrouvelhe@ow.ly,929-849-0984,Large cell lymph axilla
628,Lydon,fB4~qhnggI~QG,Pethybridge,Willabella,wpethybridgehf@tumblr.com,890-293-9864,Exposure NEC
629,Amandy,cU7&L+j.D~>iw{?,MacCawley,Quinlan,qmaccawleyhg@businesswire.com,582-998-0099,Colostomy status
630,Edmon,xC5?|=bSEZy,Mucci,Belicia,bmuccihh@weibo.com,476-551-3275,Other lung disease NEC
631,Hobard,hO2@Tk<|},Sorbey,Sallie,ssorbeyhi@accuweather.com,565-894-6658,Menopausal disorder NEC
632,Colas,uA8/{IgCgrFk)KF,Basini-Gazzi,Davie,dbasinigazzihj@digg.com,951-683-5176,Overhang dental restore
633,Nari,bE7>?E{+vy#?I+1,Palombi,Benedict,bpalombihk@harvard.edu,509-513-0839,Pyrophosph cryst-shlder
634,Danny,pP1{9fJ8.,Gideon,Meta,mgideonhl@un.org,624-167-5178,Nonwork side interfrnce
635,Jimmie,dF2)3dBpp7,Angric,Lydie,langrichm@google.pl,839-409-8512,Round hole of retina
636,Carmel,wR6>v`W!pN0/4,Stannus,Cello,cstannushn@engadget.com,662-806-9670,Opn subdur hem-concuss
637,Mikey,nR8!Y#AJ,Asmus,Alejandro,aasmusho@msn.com,696-210-9996,Anim drawn-occ st car
638,Cyndia,nT9?#)(of4L,Jaspar,Zita,zjasparhp@rakuten.co.jp,585-111-1132,"AMI NEC, subsequent"
639,Lowell,"zF0+cd7""",Gavrieli,Aharon,agavrielihq@slate.com,342-654-0635,Hemorrhage from throat
640,Malanie,xF3{/>Peqfof,Cawthera,Gavan,gcawtherahr@youtube.com,872-460-6031,Social conduct dis-mod
641,Chris,"iU0,pfc<yt3UUe",Feander,Shir,sfeanderhs@e-recht24.de,620-633-8181,Anomal skull/face bones
642,Juliette,"sF5{jZ!4L""X",Gregg,Arden,agregght@4shared.com,616-583-6467,Iris/ciliary disord NEC
643,Bevan,"uO4,9PVmWD*x7RNa",Lyptrade,Wildon,wlyptradehu@timesonline.co.uk,994-233-0855,Fussy infant/baby
644,Nancy,"sR3?3""@5M",Chestney,Federica,fchestneyhv@apple.com,622-875-7061,Depressive disorder NEC
645,Bartie,lK4\iMXn,Penchen,Cristi,cpenchenhw@gmpg.org,361-730-1578,Fibroadenosis of breast
646,Jania,rP3}95Z%v%V#,Pryde,Mela,mprydehx@howstuffworks.com,467-714-4197,Chronic nasopharyngitis
647,Saw,dW7<P36Ewa'JT=H,Donnersberg,Armand,adonnersberghy@toplist.cz,598-576-9189,Externl cause status NOS
648,Cassey,iB7?7{\s,Klosterman,Ariela,aklostermanhz@prlog.org,231-793-1815,Ben carcinoid asc colon
649,Cortie,rW0@d5@&$|q<Rc,Bodocs,Trenna,tbodocsi0@cafepress.com,280-768-4791,Irregular menstruation
650,Sibylle,bW3<ji&&MK=,Danzelman,Tiena,tdanzelmani1@cdbaby.com,660-879-9716,Rupture of artery
651,Hamnet,"nL5,6Gtywo7NssG",Dillow,Tedman,tdillowi2@dedecms.com,895-579-9567,Mandibular hypoplasia
652,Lisle,sL4{mCZ&T,Stanlick,Gawen,gstanlicki3@craigslist.org,810-991-3087,Open wnd finger w tendon
653,Davidde,tH7@HpE<4!3O/Jk,Bree,Chere,cbreei4@bandcamp.com,427-751-3998,Instrmnt fail in surgery
654,Lucita,tS3|#7B&,Cathrae,Coriss,ccathraei5@psu.edu,629-319-2938,Anterior cord synd/t1-t6
655,Shelby,"iR8""uO%5$#FR@_|",Buckam,Grata,gbuckami6@google.ca,477-619-9012,Swimming
656,Smitty,xH1!veihY,Cantua,Domeniga,dcantuai7@pinterest.com,971-700-1943,Legal abort w embol-unsp
657,Rhett,xW8~0YzOOKv,Domoni,Viviene,vdomonii8@icq.com,421-744-8578,Interstitial myositis
658,Orton,hD4<~IBa),Bewshea,Ginny,gbewsheai9@webmd.com,585-142-9850,Disrupt perineum-postpar
659,Jerrie,jL3+N<tp0W,Oliff,Frank,foliffia@columbia.edu,296-103-9694,One eye-prfound/oth-unkn
660,Horace,oR0!8gsT'Cw,Gingel,Shelden,sgingelib@vinaora.com,286-803-3366,Mucopolysaccharidosis
661,Dame,jB1'qk?&.3&,Bannon,Donny,dbannonic@wsj.com,133-138-2588,Liver injury NEC-closed
662,Angil,"bH7""H~H$}Opw~Y%b",Martin,Odo,omartinid@columbia.edu,154-899-9625,Psorias related dis NEC
663,Dory,"uE5""&z`l2Z*O",Harragin,Korie,kharraginie@bbc.co.uk,688-110-7015,"AMI inferopost, subseq"
664,Loren,nI5~P\rKkZPuw,Edmund,Ema,eedmundif@cargocollective.com,674-776-8463,Primary lacrimal atrophy
665,Cynthia,"tR6.F,uD<9P(X/QU",McGibbon,Anstice,amcgibbonig@cpanel.net,263-529-3855,Small intest inj NOS-cl
666,Gannon,"tF7&B""C_Ix#R\P",Beadles,Cirillo,cbeadlesih@surveymonkey.com,801-758-0765,Partial loss ear ossicle
667,Sutton,"qU9_9)sMdz""",Potkins,Frankie,fpotkinsii@marketwatch.com,626-877-0412,Illegitimate pregnancy
668,Scotty,aS8#3\Vd2lR,Gunner,Kessia,kgunnerij@chron.com,886-185-3134,Toxic myopathy
669,Mahalia,cI3(2yBt,Ible,Christos,cibleik@indiegogo.com,693-984-2271,Frostbite of hand
670,Byrann,"fS4=/7q~,{=",Hilland,Sharia,shillandil@apache.org,295-687-5236,Hemolytic uremic synd
671,Gwen,"nB7,>JJ,BdyDf",Kill,Taylor,tkillim@dyndns.org,125-433-3254,Fetal mal 1500-1749g
672,Nicol,"aN7,l3KtUdS*aaBr",Domonkos,Babb,bdomonkosin@goo.ne.jp,386-242-8419,Retain deplete uran frag
673,Rutger,xD2?FBf@T|0K>,Arrell,Staffard,sarrellio@lycos.com,786-503-9744,Osteoarthrosis-mult site
674,Eloisa,"xX5@SZCZ5't/""",Bolte,Leann,lbolteip@devhub.com,723-573-6215,Psychosocial circum NOS
675,Britte,qR6$?Z{DC.OF>ce7,Cregan,Rodie,rcreganiq@ihg.com,835-649-3822,Pyogen arthritis-unspec
676,Nathanial,eI6=XkxA!xh,Tirkin,Augy,atirkinir@sohu.com,105-643-9762,Other pancytopenia
677,Ellsworth,dB7$ra!C@hA%oZ,Minifie,Rodrique,rminifieis@histats.com,429-278-7237,Iris/ciliary dis NOS
678,Ali,eI2+)1y>!0,Athey,Elisabet,eatheyit@pinterest.com,786-296-1960,Complication cns device
679,Arlene,mJ2(R%.U(q*vln,Kohnemann,Jephthah,jkohnemanniu@berkeley.edu,100-108-4176,Opioid dependence-remiss
680,Larine,sP0+MUm99,Mulvenna,Jake,jmulvennaiv@howstuffworks.com,477-595-1359,Dentl caries-pit/fissure
681,Eleonore,nT0&N+Elam,Coare,Freddy,fcoareiw@irs.gov,186-426-6325,"AMI inferopost, initial"
682,Sonia,lS6'1hOP<Mb}R>,Papez,Margaux,mpapezix@netvibes.com,673-675-7226,Disl metacarpophalan-opn
683,Tandi,"cN3)i`3""3$UnP4'",Goning,Laurent,lgoningiy@indiegogo.com,839-695-8291,Fire-highly inflam mater
684,Sascha,rP6#)s.>gZLN/*,Biddwell,Perry,pbiddwelliz@baidu.com,972-490-4575,Disloc radiocarpal-open
685,Ofelia,fT7&.MxL#z'I6hL#,Hanton,Seka,shantonj0@studiopress.com,471-313-3088,Bone infect NOS-hand
686,Tabb,"aX8}Gwk2%@)`'t""",Giacopetti,Clo,cgiacopettij1@trellian.com,965-979-1806,Amebiasis NOS
687,Agatha,cV5{'U8xq1FbD~,Drysdell,Zacharias,zdrysdellj2@ox.ac.uk,222-592-9054,Coagulation def-antepart
688,Skyler,dK2$b=y&Vq,Skace,Jaquelin,jskacej3@tinypic.com,245-177-1805,Burn NOS hand-unspec
689,Doreen,uR0\x'/n~@,Pittendreigh,Caroljean,cpittendreighj4@dmoz.org,562-227-8407,Herpes zoster NOS
690,Charmaine,jW1@jC*.N3,Sample,Tracie,tsamplej5@netscape.com,912-563-0312,Brain anomaly NEC
691,Everard,gM2>`mm|}wzH),Erasmus,Iorgos,ierasmusj6@flickr.com,691-491-7927,Malig neo pituitary
692,Carin,mJ4%)ijYl8,Brigman,Alyse,abrigmanj7@dagondesign.com,935-846-7230,Myl sarcoma wo achv rmsn
693,Esmaria,sH9\1T>P,Ubsdell,Zedekiah,zubsdellj8@engadget.com,852-163-4689,Illeg ab w pelv inf-inc
694,Pedro,iQ6#7vNyb`.bPk_|,Dominec,Roanna,rdominecj9@ezinearticles.com,672-830-5395,"Quadrplg c5-c7, complete"
695,Launce,lC9&b_f8qKeC,Caldaro,Vanny,vcaldaroja@dyndns.org,741-887-4394,Arterial branch occlus
696,Tony,"iR0()""R9U\3C",Breissan,Waylen,wbreissanjb@vkontakte.ru,662-608-6509,Conjunctival diphtheria
697,Nestor,pF3.*gY@%wxAybo,Kenford,Melinde,mkenfordjc@usnews.com,565-261-5297,Screen-parasitic dis NEC
698,Lara,oX4'q`sWqFx5,Stoeck,Padget,pstoeckjd@webnode.com,106-141-4567,Acc d/t avalanche
699,Pamelina,rO3@a!f4N_|(,Jovey,Nancy,njoveyje@umn.edu,820-413-8696,Secondary malig neo lung
700,Malina,rY1<Ugp8}=!r,Blood,Evan,ebloodjf@macromedia.com,176-366-4841,Joint pain-jt NEC
701,Keenan,"bZ9`b%ZDBT""wNQj!",Caville,Elbertine,ecavillejg@dropbox.com,616-686-2945,Shga txn prod E.coli NEC
702,Ellynn,vX8)B86Du7y,Burden,Tamera,tburdenjh@wordpress.org,686-141-8760,Osteomyelitis NOS-l/leg
703,Cthrine,oN9\)7aQM%z,Firbank,Elga,efirbankji@google.com.br,624-178-2714,Vitreous disorders NEC
704,Malory,uW1?!sHH6,Geerling,Selinda,sgeerlingjj@cargocollective.com,845-710-4592,Cannabis depend-episodic
705,Lacie,vO0}92>U&@#iS,Degoey,Deborah,ddegoeyjk@wikimedia.org,471-302-6105,Stricture of artery
706,Kelila,hO9>tOO!R1qFYrF,Aucock,Fulton,faucockjl@yale.edu,639-992-1405,Drug depend preg-unspec
707,Katalin,cX0+V'5M?9*2+,Offner,Faina,foffnerjm@xrea.com,441-470-0556,Echinococc multiloc NEC
708,Elvin,fC2)xjs9?eUn,Woollaston,Florella,fwoollastonjn@msu.edu,408-493-7173,90% + bdy brn/80-89% 3rd
709,Urbain,vJ6+Fr*PPpP,Gofford,Luise,lgoffordjo@google.com.hk,581-550-5343,Gal&bil cal w/oth w/o ob
710,Ivett,hZ9}|z~I5a+#7,Jeandeau,Celka,cjeandeaujp@webmd.com,897-776-8166,Excess fluid in infusion
711,Esra,"eB1,1ROkvv",Cafferty,Domenic,dcaffertyjq@imageshack.us,871-567-8265,"Pancreas, tail inj-open"
712,Riannon,xA9&0yf}AXO,Haigh,Reuven,rhaighjr@stumbleupon.com,785-198-1983,Prim TB complex-cult dx
713,Mickey,jM0)Z9?J>'v,Hovenden,Devy,dhovendenjs@cdc.gov,506-620-1446,Ben hy ht/kd st V w/o hf
714,Delbert,"qP3""kZPj",Garie,Nertie,ngariejt@gizmodo.com,792-974-2613,Subarachnoid hem-no coma
715,Enrichetta,iC2%#m@iG%Y|,Frankcombe,Vail,vfrankcombeju@comsenz.com,925-885-2068,Sqam cell ca sclp/skn nk
716,Mathew,uM7($P'1~hxU`J,Danslow,Thatch,tdanslowjv@liveinternet.ru,923-510-0366,Cns TB NEC-cult dx
717,Tadio,nB6`ny_KA,Kingswell,Lucais,lkingswelljw@printfriendly.com,430-288-9980,Prev matern surg aff NB
718,Noach,pN4|5|7$|!f*&Z,Dillimore,Jonie,jdillimorejx@squidoo.com,170-382-5976,Adv eff bromine compnds
719,Bronnie,hZ3=W!dXW&1HF,Goodlatt,Moss,mgoodlattjy@deliciousdays.com,227-208-3025,Lack post occlsl support
720,Avie,jF1>LIaG&p\0S,McNulty,Owen,omcnultyjz@umn.edu,445-398-9235,"Aortic ectasia, site NOS"
721,Chloris,yP5_&9X#WOTH0y|r,Dallander,Ulrica,udallanderk0@ucla.edu,521-682-4204,Poison by methylphendate
722,Munroe,nC7+)<PF.8qXtR,Rayman,Millisent,mraymank1@mozilla.com,358-537-2004,Polyarthritis NOS-unspec
723,Clementius,zL6!ee=%@,Dugall,Cayla,cdugallk2@dion.ne.jp,725-221-9474,Air press chnge: aircrft
724,Marj,wJ2).}`aYnyCm+d',Caunt,Rurik,rcauntk3@loc.gov,177-301-7165,Cervical spondylosis
725,Shirlee,wJ3=dRd&+~?A..,Brandsen,Jordana,jbrandsenk4@chronoengine.com,238-167-7180,Unil cleft palat/lip-inc
726,Jojo,"nF7,b'Z8bFyZd'",Dimitriou,Matthaeus,mdimitriouk5@sakura.ne.jp,775-176-0136,Oth learning difficulty
727,Rois,uS0*RiSK`m9,Dunston,Simone,sdunstonk6@mozilla.org,635-234-3693,"Pressure ulcer, elbow"
728,Andreana,"tE2&xa,HBJgdEUT",Bromige,Moyra,mbromigek7@google.com.hk,109-952-3236,Contusion of forearm
729,Muffin,aS1|C61Q,Pringley,Abba,apringleyk8@barnesandnoble.com,703-129-0701,Viral arthritis-up/arm
730,Cherlyn,iM6>$5ycqfC&%,Eckert,Faina,feckertk9@meetup.com,629-108-3030,Yaws manifestations NEC
731,Rossie,fI3`8a?E<,Swin,Natty,nswinka@virginia.edu,532-870-7933,Hypoxc-ischem enceph NOS
732,Kendrick,rF9=/cn$C,Trowl,Vyky,vtrowlkb@cnn.com,526-155-0491,Profnd intellct disablty
733,Corabella,hP9+t~Bfd3kp7,Goodwin,Burnaby,bgoodwinkc@addthis.com,322-992-3613,Bariatric surg stat-unsp
734,Preston,fE0!&H78)+4,Greenalf,Teddie,tgreenalfkd@timesonline.co.uk,442-297-2079,Mumps hepatitis
735,Albrecht,tV6|os@F'biG,Dolder,Carney,cdolderke@mit.edu,913-842-2818,Del w 4 deg lacerat-del
736,Edgard,tM0?6nj#,Salter,Libbi,lsalterkf@google.es,426-846-3127,Mental disorder-deliver
737,Madelaine,fQ8/lg?rjNPz,Mercik,Ossie,omercikkg@amazonaws.com,982-600-2737,Arthropathy NEC-mult
738,Reinwald,bZ3+yvQk{),Bloss,Claybourne,cblosskh@list-manage.com,957-638-5391,Ac sanguin otitis media
739,Bambie,xE3|+4jVu,Pundy,Thalia,tpundyki@ucoz.com,481-465-5825,Cataract NOS
740,Beth,cG5`}cH2X2ELHh,Weatherell,Mateo,mweatherellkj@live.com,609-998-5817,Abrasion foot/toe-infec
741,Christian,"yB2)1,h=9IcEHg{",Oatley,Dominica,doatleykk@amazon.co.jp,731-654-4853,Ant disl prox tibia-open
742,Allard,lZ6~ub|5Cg,Norkett,Mack,mnorkettkl@com.com,504-537-6788,Illeg ab w pelv inf-comp
743,Ronica,"bH9#L,7t",Tumber,Gwen,gtumberkm@booking.com,668-491-9525,Path fx oth specif site
744,Kit,sD6+3)sz's*nc,Tanner,Portie,ptannerkn@sphinn.com,112-508-8037,Torsion appy epididymis
745,Daryl,sX0{Sn'5bc@P42to,Awin,Darb,dawinko@bbc.co.uk,295-713-8309,Infect in preg NOS-unsp
746,Calida,"gI5,~(U&I",Bour,Carolyn,cbourkp@biblegateway.com,267-599-3307,RR acc NOS-ped cyclist
747,Daphna,jG7>e%u.M8dD,Grisewood,Saul,sgrisewoodkq@si.edu,904-376-8460,Reiter arthritis-forearm
748,Sibley,mH6*5\'f~+l&(,Conahy,Clarisse,cconahykr@trellian.com,922-504-2594,"Atheroembolism,upper ext"
749,Fax,iV4!rrV=e),Kynnd,Cchaddie,ckynndks@wiley.com,575-497-1385,Juv rheum arthritis NOS
750,Aloise,vA9+|0NfE(,Ferrie,Virgina,vferriekt@yandex.ru,317-701-3680,Old hyperten preg-unspec
751,Sasha,lT6_>Y+4.e,Pencost,Francoise,fpencostku@chronoengine.com,447-850-7148,Prolapsed cord aff NB
752,Akim,"eA1(A9rH3J|,}Xc`",Stooke,Wright,wstookekv@printfriendly.com,341-798-5563,Hx nerv sys/snse org NOS
753,Humfrey,xS5%_i{DG=8(R,Staines,Desirae,dstaineskw@fotki.com,793-926-4411,Pancreas injury NOS-open
754,Marlo,mR9.gxM%0(,Leckie,Steward,sleckiekx@acquirethisname.com,976-248-9841,Tubrclma sp crd-micro dx
755,Lamond,kY4+q|NY79<wl,Capaldi,Trish,tcapaldiky@booking.com,401-471-4140,Open wound of wrist
756,Nickola,lI2(P|%+U_i<,Evensden,Nahum,nevensdenkz@java.com,799-979-9093,Aplastic anemias NEC
757,Jo-ann,aK7/wuLNcXjW!5,Clew,Ripley,rclewl0@nps.gov,448-729-4880,Perforation of intestine
758,Felizio,"hL9""uehFjY)ST""/Z",Hand,Gillan,ghandl1@ycombinator.com,719-249-9834,Apnea
759,Inez,"mZ4{Hpu~b""",Fenney,Rodolph,rfenneyl2@psu.edu,761-647-9521,Brain hem NEC-concussion
760,Delphine,iA7>RK.zKUWOaDO2,Willimont,Harri,hwillimontl3@goo.ne.jp,890-378-0859,Abn basal metabol study
761,Urson,wJ9&8>$pCNP,Rawlcliffe,Niven,nrawlcliffel4@engadget.com,325-579-5307,"Part edentulism,class I"
762,Mervin,uM2}HGs<{K{T,Kall,Hughie,hkalll5@upenn.edu,371-550-9530,Thyroid dysfun preg-unsp
763,Nataline,"eO3&6""0pxwx<@u",Fletham,Kerrie,kflethaml6@webmd.com,449-449-8532,Attem abor w metabol dis
764,Katherine,iD9)MVHI%U#IAS,Doick,Miltie,mdoickl7@google.co.uk,241-429-8241,Fat embolism
765,Shayne,jZ0_?>Dj,Davidofski,Alastair,adavidofskil8@delicious.com,612-236-1171,Osteomyelitis NOS-l/leg
766,Ramona,"hN4""O_23Vyh|0m",Cowdrey,Myrlene,mcowdreyl9@answers.com,307-446-2846,Ac/chr syst/dia hrt fail
767,Adriana,"sP7,H5%_#{f'J6/",Helian,Estrella,ehelianla@cnbc.com,808-703-6091,Fetal cns malform-deliv
768,Gertruda,vZ8/nQ2NIYB,Farren,Antoine,afarrenlb@nih.gov,847-604-1093,"Allergy, unspecified"
769,Shela,"sG7_""|ahl{q.{_",Cookes,Ludwig,lcookeslc@jiathis.com,716-628-8681,Erythem nod tb-micro dx
770,Florry,"zV8,R6Yy3&",Jentgens,Aurelia,ajentgensld@alibaba.com,264-570-5504,"Comp edentulism,class IV"
771,Veda,pR1<3ieA=iMB,Clubley,Fields,fclubleyle@discuz.net,780-456-1734,Ob trauma NEC-postpartum
772,Zachery,xH0)/P+NKXe0C>a=,Barber,Kile,kbarberlf@newyorker.com,693-675-9932,Acc cut/hem w scope exam
773,Pauli,"zZ9(i~H""k67v}84*",Rye,Aloin,aryelg@apache.org,646-651-1508,Encntr plnd po wnd clsr
774,Abbe,"aE4""V671",Wardrop,Corenda,cwardroplh@ameblo.jp,360-993-9196,Cardiovascular syph NEC
775,Kynthia,"aH4""?X0.I6~b",Markham,Torrence,tmarkhamli@free.fr,637-424-0337,Jt derangment NOS-shlder
776,Warner,eU8!Rf<vF%Io,Lahy,Sinclair,slahylj@ted.com,561-809-6869,Sprain of pelvis
777,Francklyn,gM0!(`u%+=,Reast,Casie,creastlk@i2i.jp,491-943-2228,Cl skul base fx-mod coma
778,Constantine,"bB5/meiB|,m",Breton,Ramsay,rbretonll@live.com,815-106-8153,TB thorax node-histo dx
779,Fredek,lC5{|@0FZ|rS,Franciottoi,Caleb,cfranciottoilm@marriott.com,757-578-9164,Fam hx-lymph neoplas NEC
780,Lennie,mW1!IS/e,Rudolph,Wait,wrudolphln@fotki.com,569-889-6157,Retain radioac frag NEC
781,Mart,dW2@u{H'`Yw_WasH,Turrill,Lion,lturrilllo@digg.com,929-726-4974,Toxic effect freon
782,Arin,xC6|eSK*AfvM,Guilloux,Ynez,yguillouxlp@examiner.com,865-184-4210,Synovitis NEC
783,Drona,aE7+ecN7@.!~~<<>,Jouannin,Alisun,ajouanninlq@blinklist.com,241-751-8823,Fetal-matern hem-antepar
784,Sheffie,tB8|<hTrI/CQ=,Jaume,Mortimer,mjaumelr@vkontakte.ru,849-398-8781,Prolong 1st stage-antepa
785,Rhoda,dO2&BH/DA~0PI}=>,Barten,Consuelo,cbartenls@tmall.com,868-821-4415,Blister foot & toe-infec
786,Georgianne,sD9#pEK((|J,Veal,Rosemarie,rveallt@about.com,360-576-3240,Hb-S/Hb-C dis w crisis
787,Kain,uQ1&PBHNQi,Tressler,Gualterio,gtresslerlu@dyndns.org,977-425-1117,Postop urethral strictur
788,Daloris,"tU7.gnhHbrVd@,P",Wilmington,Jewel,jwilmingtonlv@alibaba.com,209-843-9900,Urethral stricture NEC
789,Diahann,fJ4%8zR%o,Pedersen,Phaedra,ppedersenlw@tumblr.com,688-502-8520,Coarctation of aorta
790,Fields,eC7@$(LLuqubNJ|,Lipprose,Fin,flipproselx@alexa.com,604-604-5926,Gstr/ddnts NOS w/o hmrhg
791,Adair,cP0\9%s2|w}{xDn,Tully,Zachery,ztullyly@toplist.cz,632-747-4226,Abort NOS w pel inf-unsp
792,Miquela,mJ4{F_j7,Legendre,Cosmo,clegendrelz@wsj.com,329-853-4304,Pois-antineopl/immunosup
793,Haleigh,zZ6!\|7Df),Dwine,Christie,cdwinem0@fotki.com,563-136-6726,Cystic fibrosis gene car
794,Theda,xP5$V%SEPO,Muggach,Derward,dmuggachm1@japanpost.jp,581-714-9977,Menstrual disorder NOS
795,Lutero,uO3<2Xm@dG6y,Woodier,Rhys,rwoodierm2@g.co,292-316-7604,Poisoning-paraldehyde
796,Gustavus,"dD0%Q,!O",Nerger,Leonardo,lnergerm3@flavors.me,313-895-6553,War inj:ind convn weapn
797,Hilliary,aF6<B}IE7aWh,Ruperti,Lanni,lrupertim4@msu.edu,807-977-8063,Anemia-other chronic dis
798,Averil,"eR6)Gp"")e!5vuJ",McCloch,Hamid,hmcclochm5@geocities.jp,101-349-7786,Anim drawn veh-pers NEC
799,Ferdinande,zX6_0+o31u\,Franceschelli,Lorne,lfranceschellim6@opera.com,973-181-4143,"Pressure ulcer, low back"
800,Mord,fO8&/z+2i/9xjdjP,Yallowley,Olly,oyallowleym7@mlb.com,173-776-7737,"Nephrotic syn, prolifer"
801,Diarmid,pV4{U85Txo,Redmore,Chaunce,credmorem8@1und1.de,925-624-2027,Retinal defect NOS
802,Mata,qL9&i81u0W~jD,Moultrie,Everett,emoultriem9@discovery.com,611-519-7061,Herpetic infect of penis
803,Barry,fG6*V|xaJunE04H,Salack,Brana,bsalackma@merriam-webster.com,172-279-5569,Acute infection of pinna
804,Terrill,oC4*\J#zFV5,Dannel,Katie,kdannelmb@paypal.com,240-455-4981,Prelabor rupt uterus-del
805,Torey,"uS4!UukCYQ*y9,",Dodshon,Nicolette,ndodshonmc@blinklist.com,294-898-2035,Septal closure anom NEC
806,Gabbi,"dC9}v|,JcEsy",Cope,Donica,dcopemd@shutterfly.com,544-597-1163,Aftrcre int fixation dev
807,Winston,"fD1/)A\u,*S&g8f",Noonan,Crystie,cnoonanme@arizona.edu,939-842-5394,Hemorrhagic cond NOS
808,Vivyanne,"gA7}x3HZWJ)"".EW",Hyndman,Lewiss,lhyndmanmf@foxnews.com,589-906-4734,Schizophr dis resid NOS
809,Bill,fD4?(>og4,Ochiltree,Carlene,cochiltreemg@google.co.uk,592-137-0038,Deep dermatophytosis
810,Francoise,"jG2~x)@<l,{>",Badham,Francklin,fbadhammh@ifeng.com,757-909-6403,Injury of abdomen NEC
811,Stirling,"nX7|b""j4",Whitely,Maxine,mwhitelymi@storify.com,943-825-2134,Dental caries NOS
812,Alma,uI5@Nj7P=,Costi,Giffard,gcostimj@printfriendly.com,817-991-4733,Stress fracture bone NEC
813,Silvanus,wE3`l#9r,Laister,Randal,rlaistermk@umich.edu,302-676-1728,Malnutrition mod degree
814,Reynold,qJ4}4.Z3!&\E,Boyett,Reinaldo,rboyettml@stumbleupon.com,380-214-6990,Chr margin ulc hem/perf
815,Reine,yS0{@%tk>p0?&L'@,Tresvina,Minta,mtresvinamm@issuu.com,143-271-2106,Hemolytic hemoglobinuria
816,Durward,"iT1}=TW(VJYv,",Strevens,Walliw,wstrevensmn@omniture.com,117-338-1824,Oth learning difficulty
817,Scotti,eJ4%0nLH),Evitts,Tatiana,tevittsmo@nba.com,137-289-8895,Cornea donor
818,Meade,wJ5$w'k=WLd.~,Haps,Aluino,ahapsmp@eepurl.com,778-521-8228,Toxic maculopathy
819,Angelia,"qU4`n@6,WifsyJq",Beardow,Justen,jbeardowmq@uiuc.edu,131-229-5962,Ben neo lacrimal gland
820,Koressa,"vI1""r#sP",Gronaver,Shea,sgronavermr@wufoo.com,687-590-3005,Vasc lesion cord-deliver
821,Coraline,fZ5\x0uimR12,Brandle,Deeann,dbrandlems@sfgate.com,751-127-2868,Psychomotor deficit
822,Randy,gU1~!{IP,Gravy,Meggy,mgravymt@wp.com,313-615-2120,Renal dis NOS-del w p/p
823,Chantal,lJ4%WVlJYU,Matejic,Caroline,cmatejicmu@noaa.gov,280-386-3156,Sec neuroend tu oth site
824,Spense,cV5*&=.lrd,Diggens,Almire,adiggensmv@soundcloud.com,370-835-2713,"Inflam postproc bleb, 3"
825,Rubetta,wW7</I0!iI*Zs`,McNeil,Ikey,imcneilmw@stanford.edu,693-724-3169,Rec unil fem hern w obst
826,Natka,jU1.}k_9g,McFadzean,Nikolaos,nmcfadzeanmx@networkadvertising.org,185-222-6451,Bone disorder-postpartum
827,Randi,"aJ5=q7?vm""t{vY",Finlayson,Tedman,tfinlaysonmy@ning.com,443-866-4786,Fx fibula shaft-open
828,Salomi,kX4%.N6u_kg,Veale,Lethia,lvealemz@google.co.uk,590-694-6393,Rupture descemet membran
829,Neron,rF5}?avpvo4,Berthomieu,Nils,nberthomieun0@reverbnation.com,211-684-3419,Soft tissue disord NOS
830,Melisandra,kU9{cu/t7,Jaggers,Artemas,ajaggersn1@dion.ne.jp,551-601-1216,"Pressure ulcer,unstagebl"
831,Andonis,qS5{od5=4jA,Peggrem,Kristofer,kpeggremn2@ebay.com,859-196-7254,Hypertens NOS-del w p/p
832,Dorelle,pX6$D$HS,Favey,Kin,kfaveyn3@ask.com,639-557-9733,TB laryngitis-cult dx
833,Carmelita,rH5.u7Gi{RYeL,Hartnup,Siobhan,shartnupn4@networksolutions.com,926-994-2144,Ben endomet hyperplasia
834,Daune,sH8@_\k40)/,Adamowicz,Jasper,jadamowiczn5@cdbaby.com,819-114-3313,Cataract w neovasculizat
835,Earl,xU5?uuphra,Budge,Karleen,kbudgen6@discuz.net,771-478-8861,Petit mal status
836,Bessy,oL2@2iA+2,Swindell,Llywellyn,lswindelln7@trellian.com,749-364-3037,Branchial cleft anom NEC
837,Damon,fC8+mWCORm2\jl&,Steinhammer,Humphrey,hsteinhammern8@slate.com,682-272-2097,Chronic hypotension
838,Paloma,"tJ3+xT""'cG\NO",Patnelli,Lovell,lpatnellin9@amazon.co.uk,143-604-7182,Menopausal disorder NEC
839,Adah,rF3~j9L?PA@f,Dudman,Alysia,adudmanna@eventbrite.com,316-267-8218,Mixed lymphosarc pelvic
840,Andrea,mC3`~W7n!0*$E59,Kleinbaum,Franklin,fkleinbaumnb@fc2.com,353-469-3812,Tick-borne ricketts NEC
841,Kyle,"gY3!|PmQE(3v,yv4",Barbie,Hardy,hbarbienc@reference.com,351-982-4586,Macroglobulinemia
842,Lucian,nS8*gLky{uF~s$wb,Wolpert,Caritta,cwolpertnd@fotki.com,133-286-4145,Sec DM keto nt st uncntr
843,Wendell,dC8&Je!UW>y,Wansbury,Elysia,ewansburyne@lulu.com,473-991-3616,Glossodynia
844,Sukey,eZ9$YS=.B03,Aishford,Hermann,haishfordnf@google.com.br,205-774-8416,Opn brain inj-mod coma
845,Geno,"rA6,xvYHvv\d.1",Crammy,Inglis,icrammyng@nps.gov,878-459-2605,Hx-nose/ear/sinus malig
846,Muffin,lY5<JMM0.y_q,Hatton,Georgeta,ghattonnh@facebook.com,371-415-1283,Benign neoplasm NEC
847,Bourke,rR6(`_x+y*8A_,Whopples,Robenia,rwhopplesni@discuz.net,989-864-2761,Syphilitic pericarditis
848,Robbie,bG5%G0dRw<Dy%M,Slayford,Deanna,dslayfordnj@wp.com,661-164-0276,Poisoning-chloral hydrat
849,Egor,"sK5""\IgC=z1Sj",Goscar,Astra,agoscarnk@wufoo.com,812-411-4301,Roseola infant d/t HHV-6
850,Maribeth,"kO1#+$e'0!`""vtF",Eppson,Adrea,aeppsonnl@zimbio.com,530-818-1423,Bone infect NEC-shlder
851,Lucian,eA1%%}aVqXh>|fo7,Stadding,Egbert,estaddingnm@wired.com,194-831-7781,Longitudinal defic femur
852,Josee,wU8@qgiOpj,Rubinov,Jeana,jrubinovnn@newsvine.com,807-730-1432,Injury to nerve NEC
853,Orren,lI7>#'2/O?if}t,Fruchter,Codee,cfruchterno@vkontakte.ru,656-791-7763,Family circumstances NEC
854,Florian,bA1{>pvP?63,Nizet,Giselle,gnizetnp@sphinn.com,418-255-6140,Punctate keratitis
855,Klement,cZ3@~2z+f>6EqKmH,Featherstonhaugh,Emmanuel,efeatherstonhaughnq@freewebs.com,501-113-6639,Estrogen recep pstv stat
856,Nessi,"gJ6=IU)&2W""Y",Bohey,Arlan,aboheynr@timesonline.co.uk,269-477-5547,Hemochromatosis NEC
857,Joelle,iJ8$!6(tpB3?l,Feenan,Sinclare,sfeenanns@patch.com,959-428-4155,Rupture uterus NOS-unsp
858,Emmie,mC5!O%y>Q,Fausset,Calla,cfaussetnt@i2i.jp,146-326-1569,Injury celiac axis NEC
859,Glendon,zH2?#g|B,Ciobotaru,Latia,lciobotarunu@sohu.com,199-762-6695,Polyclon hypergammaglobu
860,Adrea,cK9(9ZCcI0)QB+,Busher,Paolo,pbushernv@sina.com.cn,505-627-2625,Toxoplasma hepatitis
861,Emery,pX9%Bju.y5G@,Weippert,Heywood,hweippertnw@free.fr,324-177-8288,Convulsions NEC
862,Ilysa,wQ7/lLW(uYh,Prator,Alyss,apratornx@mysql.com,695-894-1999,Sensory retina dystrophy
863,Natalie,"fA4%M.#S""V8k&fTI",Piggott,Janine,jpiggottny@time.com,985-143-0436,Angina pectoris NEC/NOS
864,Gavan,yK4&'GX4{?B,Latore,Stepha,slatorenz@mapquest.com,870-603-6923,Acc poison-mix sedtv NEC
865,Maryann,"bG4,Nn`$4P',V",Kitley,Benedetta,bkitleyo0@upenn.edu,977-961-0284,Toxic eff chlorine gas
866,Concettina,cC4'9sz6Er,Okeshott,Gavin,gokeshotto1@nbcnews.com,578-160-7334,Benign neo resp sys NOS
867,Agustin,jB1%B_=wUs,Crookston,Galina,gcrookstono2@so-net.ne.jp,575-412-0337,Cryptococcal meningitis
868,Janette,nS9/8\uy(jNTc3Nu,Snalham,Vinson,vsnalhamo3@addtoany.com,857-928-1757,Symblepharon
869,Mildred,jL2%!QkFhSTn,Riccardo,Anthe,ariccardoo4@squarespace.com,735-415-4744,Tarsal tunnel syndrome
870,Erika,jL8\R~xY*,Rowena,Giavani,growenao5@wikipedia.org,840-457-0169,3rd deg burn w loss-neck
871,Ricki,cA1!DOQws,Rabbet,Wendel,wrabbeto6@clickbank.net,138-938-5765,3rd brn w loss-hand NOS
872,Paola,"lY1,V9(N<FeEF",Qualtro,Lynea,lqualtroo7@eepurl.com,395-987-8679,Histoplasmosis NOS
873,Fairfax,wF0#J.\I=sU,Eveque,Leta,levequeo8@cdbaby.com,302-522-8212,Mantle cell lymph abdom
874,Evyn,kX5(I9Z7u_K0,Bails,Rodolfo,rbailso9@shinystat.com,552-445-4943,Meningococcal infect NEC
875,Evelin,nB8'w0)%Skpo`,Millhill,Sybille,smillhilloa@trellian.com,473-169-7449,Fall from train-passengr
876,Vachel,iJ9{dX.5Ik,Uttley,Lacee,luttleyob@archive.org,956-196-2484,Cor ath natv art tp hrt
877,Kurtis,nF1/W5kB@,Bear,Erick,ebearoc@foxnews.com,756-193-5678,Intrathorac inj NOS-open
878,Gayler,jF5<Z?=b+BN<E,Ciraldo,Patricia,pciraldood@latimes.com,254-620-9854,Fam hx MEN syndrome
879,Janey,"kT1_""z@&41Kqd",Albrecht,Raviv,ralbrechtoe@sciencedirect.com,130-777-0520,Late ef CV dis-cognf def
880,Jerrylee,lN0/_<V'QiC6,Caustic,Lilyan,lcausticof@lulu.com,307-319-6430,Intest malabsorption NOS
881,Cosette,dY2$f<Y}b!STp0Oy,MacIlraith,Shirline,smacilraithog@live.com,779-604-4160,Disorders breast NEC
882,Dalia,oT0'oJ/A}',Mordey,Elianore,emordeyoh@sitemeter.com,676-935-4336,Toxic effect alcohol NEC
883,Erie,"oM9~@Jp'LDEHt""",Carnachen,Shell,scarnachenoi@google.com,385-151-0416,Arthropathy w skin dis
884,Denver,xC7#3\EvO4,Tembridge,Alika,atembridgeoj@paginegialle.it,181-675-2719,Cervicocranial syndrome
885,Belle,iE2!z$p3,Chattey,Kellby,kchatteyok@webeden.co.uk,173-389-7535,Acute syphil meningitis
886,Welch,qP0<9zEU+l3,Solly,Granger,gsollyol@princeton.edu,854-788-8717,Toxic eff sulfur dioxide
887,Hermine,tN9%z{8IFB`n,Gianuzzi,Bethina,bgianuzziom@tripadvisor.com,649-419-7554,Psychological trauma NEC
888,Adah,cQ1?3|q{PO,Karsh,Wendall,wkarshon@symantec.com,776-838-3395,Opn skul fx NEC w/o coma
889,Adriane,aH3)CAwS,Lownds,Truman,tlowndsoo@wunderground.com,172-173-6525,Louse-borne relaps fever
890,Brandy,xT5>EAczbM,Blannin,Toby,tblanninop@ibm.com,155-429-1530,Opn skul fx NEC-coma NOS
891,Reena,"kO2\""`7@\",Penreth,Borg,bpenrethoq@51.la,482-197-5276,Posterior pole scar NEC
892,Muffin,vV3\6V#KK>C,Trask,Kariotta,ktraskor@craigslist.org,572-527-1415,Hodg nodul sclero thorax
893,Karlen,uC3%uhH45,Gossop,Conrado,cgossopos@shareasale.com,267-155-3740,Bowling
894,Jennie,lE4/5jzIbwUm,La Vigne,Sonnnie,slavigneot@desdev.cn,466-859-3629,Illeg ab w compl NOS-inc
895,Brianne,sD7<H3e6d,Whayman,Jaquelyn,jwhaymanou@cbslocal.com,853-895-8682,Chemotherapy convalescen
896,Glory,aT4*KrV`A#`cHX,Leonida,Annecorinne,aleonidaov@bloglines.com,973-673-9052,Foster-kennedy syndrome
897,Konrad,aG7\riX?}H&'@4V`,Whitlam,Sheila,swhitlamow@fema.gov,824-163-9777,Abdmnal mass periumbilic
898,Normand,uY9$Aue(k3,Smallpeace,Aylmer,asmallpeaceox@msn.com,525-146-3979,Op skl base fx-prol coma
899,Kirby,uX3}am9{/<z_x,Weldon,Derward,dweldonoy@noaa.gov,905-173-5297,Mal neo long bones arm
900,Babb,lN8%itAR3sF1N8,Cammock,Cacilia,ccammockoz@blogger.com,433-947-1869,Ot VD chlm trch unspf gu
901,Thaxter,zI4!ih5$.V&+Q8Gq,Ranyelld,Garrek,granyelldp0@sphinn.com,294-793-2885,Trigeminal neuralgia
902,Mair,tL7>H+`t,Claye,Sissy,sclayep1@nps.gov,772-349-0757,Adv eff analeptics
903,Shela,"bN0?#aaJ#Y""R66",Fitchett,Caralie,cfitchettp2@pinterest.com,519-701-8759,Bone infect NEC-oth site
904,Sharon,"rB4%3.*V""",Tomasz,Robby,rtomaszp3@storify.com,586-782-3597,Fibromatoses NEC
905,Lanae,zT1@!gRx~O,Haddleston,Ryan,rhaddlestonp4@is.gd,173-597-4574,Burkitt's tumor axilla
906,Troy,kL5|l*oC!,Quinnelly,Hakim,hquinnellyp5@ebay.co.uk,404-652-3268,Maj puerp infec NEC-p/p
907,Vernen,sV8>'JRQFooRl,Stilling,Tully,tstillingp6@gnu.org,813-779-7045,Caught between objects
908,Corly,lV8=/=b8ZT,Covil,Liliane,lcovilp7@ebay.com,557-333-9752,Preg w hx pre-term labor
909,Zorine,aI0#(lp#O@{v,O'Doran,Carri,codoranp8@barnesandnoble.com,846-159-1806,Embryon cyst fem gen NEC
910,Boone,qE5*{1RXF?a@q@V,Matson,Jacklyn,jmatsonp9@arizona.edu,788-899-4293,Primary iridocyclitis
911,Drusie,"sM5~""#TPG<l\Swvl",Sabathe,Dwain,dsabathepa@dion.ne.jp,320-479-2267,Tox eff organphos/carbam
912,Frankie,tM2$ViHr1/39j1},Brummell,Oliver,obrummellpb@discovery.com,748-782-5146,Scrotal transposition
913,Bary,zI1+P?5B8#$9%,Kumar,Tedd,tkumarpc@bloglovin.com,782-671-1366,Old FB in soft tissue
914,Alistair,iZ7$6QGEo0~,Heaseman,Loy,lheasemanpd@blinklist.com,746-552-3737,Fail induction NOS-unsp
915,Garwood,rD2~<._WrY,Ledeker,Ricki,rledekerpe@amazonaws.com,894-350-3762,Persn w feared complaint
916,Jasmine,fQ7)3sWoFajD%+D,Pettko,Kaylee,kpettkopf@live.com,243-342-5931,Prim TB complex-oth test
917,Garold,wP3>Ld<.dFpwcK4W,Atley,Tann,tatleypg@omniture.com,565-856-6801,"Fx humer, condyl NOS-cl"
918,Jackqueline,jU7?t%_$,Tumini,Gae,gtuminiph@icq.com,145-741-8836,Benign neo nerv sys NEC
919,Gabriela,"pS4""7&r%i_|W*gCS",Clashe,Nealson,nclashepi@dmoz.org,600-449-5362,Macrotia
920,Ardelia,"oE3#2=%fXV""2>>{e",Ironmonger,Sam,sironmongerpj@msn.com,275-525-4548,Infect nipple-postpartum
921,Felicle,fI9}k<XU``fJtww,MacDiarmid,Suzi,smacdiarmidpk@google.nl,853-374-6041,Granuloma of conjunctiva
922,Davina,vV8?jhI1cXP1o,Owain,Hertha,howainpl@studiopress.com,385-351-7639,Schizo NOS-chr/exacerb
923,Clovis,lR0<H7oVfrFow$y,Hickisson,Samara,shickissonpm@ycombinator.com,213-210-1119,Late effect CV dis NEC
924,Marlie,zO3&)b+2H'N3q,Tutchings,Dorree,dtutchingspn@skype.com,957-391-3069,Alt esotropia w v pattrn
925,Heddi,uT2+Zgw},Kropp,Ethelin,ekropppo@umn.edu,522-547-3453,Vaccin for leishmaniasis
926,Klarika,"sB2>FePEt""su""`D0",McVeigh,Datha,dmcveighpp@ezinearticles.com,720-397-7938,"Barotrauma, sinus"
927,Marmaduke,vM0~5w@cBnwv(V,Mattin,Cathleen,cmattinpq@hexun.com,109-832-2734,"Sed,hyp,anxiolyt dep-NOS"
928,Corrine,kB5~rOsE,Cuel,Ruttger,rcuelpr@home.pl,437-691-9415,TB of bone NEC-micro dx
929,Corrinne,lG5$\Fa/4+,Lyal,Karlene,klyalps@oracle.com,834-337-3816,Acute respiratry failure
930,Brittney,vE4@_?qRvj+,Volk,Giorgi,gvolkpt@opera.com,307-397-8002,H zoster nerv syst NEC
931,Paulo,gH1)=6H}V\_,Trengove,Lombard,ltrengovepu@ted.com,823-454-1297,Dist oral epithelium NEC
932,Vincenty,"yI7+Gt""<I0BxCi",Hawney,Anselma,ahawneypv@narod.ru,590-603-8501,Congenital coxa vara
933,Powell,fW2#Cm(=D,Martlew,Perren,pmartlewpw@merriam-webster.com,360-749-9546,Liver/bil trct disr-ante
934,Casie,hN5@lG9Rm,Losebie,Janaya,jlosebiepx@netlog.com,774-382-8938,"Twin, mate sb-before adm"
935,Wes,aK3'NItS,Heavyside,Niels,nheavysidepy@globo.com,657-940-6715,T7-t12 fx-op/crd inj NEC
936,Abie,kM1!'?|N,Livzey,Gail,glivzeypz@baidu.com,830-317-9038,Yaws manifestations NEC
937,Saloma,jP4<j0FLwRE,Rodliff,Aimee,arodliffq0@free.fr,903-887-5478,Abn finding-breast NEC
938,Padraig,tJ2)=qE)N!\FMXd,Tower,Othelia,otowerq1@over-blog.com,982-724-5070,Gu infection-delivered
939,Gerrie,qJ3~RnvpgdG@F$Zf,Tabner,Ilse,itabnerq2@barnesandnoble.com,771-252-8752,Opn cortex lac-deep coma
940,Aimil,yN0!GrY>P2#pH,Gainsburgh,Teodoro,tgainsburghq3@chron.com,725-218-8806,Endocrine/nerv neo NOS
941,Lennard,cS3.>8g#RD0,Kovalski,Irwin,ikovalskiq4@cocolog-nifty.com,330-749-3857,Brach plexus inj-birth
942,Lezley,xA7$A8QL6Aw(Z,Hof,Eadmund,ehofq5@thetimes.co.uk,408-923-2452,Bilat cleft palate-inc
943,Monty,aS4'OHikXN#P,Conklin,Amaleta,aconklinq6@livejournal.com,330-871-0581,NB hemolyt dis-abo isoim
944,Alexandre,"aL9&mi,vE.6XBYO",Cornes,Zaneta,zcornesq7@wix.com,712-755-4340,Chrnc hpt C wo hpat coma
945,Flynn,zX5!4J_a)<5,Ferreri,Pearce,pferreriq8@upenn.edu,510-485-4924,Blood inf dt cen ven cth
946,Ludovika,"dR9@MN{,v(/@MH3",Saket,Moreen,msaketq9@cbsnews.com,947-719-3664,Cong cntrl hypovent synd
947,Wallie,vX0_(.$Bx,Ferrao,Tyrus,tferraoqa@state.gov,875-314-4265,Hx of monocytic leukemia
948,Emelda,xO7>QahGU%&|m#j`,Reape,Aili,areapeqb@economist.com,846-736-6381,Macroglobulinemia
949,Garreth,tO0`{qUF|,Filppetti,Zeke,zfilppettiqc@ibm.com,817-901-6385,Opn skl base fx-mod coma
950,Nicole,eT2{1%V*B6,Kunneke,Barrie,bkunnekeqd@wikispaces.com,423-718-7601,Oth vrl hepat w hpt coma
951,Roderick,pS2=|MTe,Astbury,Bartlet,bastburyqe@hexun.com,271-427-1070,Adv eff antprotazoal NEC
952,Zitella,aM4?Cp>VDrpXhC,Crowcum,Oralee,ocrowcumqf@desdev.cn,589-111-3718,Screen-parasitic dis NEC
953,Brandon,"dN5&(bA0QdlW('#,",Bottleson,Cloe,cbottlesonqg@pbs.org,578-399-1514,Deep 3 deg burn axilla
954,Daffy,lP8@m)+b5_),Gildroy,Milzie,mgildroyqh@technorati.com,260-550-4614,Contaminated transfusion
955,Gal,iK9_vbD_`GV,Gallie,Pearle,pgallieqi@i2i.jp,662-201-4844,Personality disorder NEC
956,Calypso,gN6{Ci0zB!50M,Stefi,Atlante,astefiqj@goo.ne.jp,949-724-2002,Rubella uncomplicated
957,Margo,qG5#a2%'%d*,Bertelmot,Frederick,fbertelmotqk@posterous.com,563-277-8597,Cervicitis
958,Link,"eX8,,*Fx*Lh",Malenoir,Agosto,amalenoirql@vkontakte.ru,128-597-0340,Ac on chrn grft-vs-host
959,Ivy,"lZ1""0memTa",Blemen,Alli,ablemenqm@facebook.com,617-414-7383,Vag hi risk HPV-DNA pos
960,Rouvin,vG4>0mzqCFEXma_,Ingre,Cordie,cingreqn@sfgate.com,703-959-7291,Pois-diphtheria vaccine
961,Shela,jH7~)w3+c{bP,Ricardot,Maribel,mricardotqo@i2i.jp,198-788-0949,Visual loss NOS
962,Gwendolyn,lR5_'Q.#6Wx,Golling,Juditha,jgollingqp@walmart.com,382-387-2486,Artif open status NOS
963,Kip,"jO2',Wg@,",Lauritsen,Chiarra,clauritsenqq@webeden.co.uk,353-414-3488,Nonvenomous snake bite
964,Teresina,qL9++V@y'&Po),Hourstan,Mead,mhourstanqr@angelfire.com,990-594-1521,Primary CNS lymph spleen
965,Correy,kF9~uia2,McReynolds,Selby,smcreynoldsqs@behance.net,681-649-6418,Health supv nb 8-28 days
966,Bourke,"gY9|Rmvy@""|",Yarwood,Vaughn,vyarwoodqt@guardian.co.uk,185-512-3773,Central hearing loss
967,Marmaduke,xC3>PC#|(ho,Burbury,Analiese,aburburyqu@icq.com,784-136-5810,Rubella nerve compl NEC
968,Drona,xR9(absu)Da,Mowatt,Sascha,smowattqv@mtv.com,386-276-9885,Malig neo abdomen
969,Sinclare,fL8#NH'@kBvmE,Hovy,Alysia,ahovyqw@nydailynews.com,124-685-8678,Anaplastic lymph inguin
970,Leia,uG7=*|X_(d5l7g,Gabler,Viole,vgablerqx@1und1.de,882-624-4650,Enterococcus group d
971,Auberon,jV8&EIS~M+<.5,Penticoot,Boyd,bpenticootqy@t-online.de,528-977-1552,Acute interstitial pneum
972,Filbert,cK2=P6vu,Crowder,Audrey,acrowderqz@wordpress.com,801-654-6628,Ben neo soft tis abdomen
973,Lorelei,aV4+wl1>A,Dresche,Yankee,ydrescher0@icq.com,695-653-8904,Inflam spondylopathy NEC
974,Abbey,"hQ3_Ag'Nv4,z",Prebble,Jemmy,jprebbler1@biblegateway.com,575-471-3169,Dis thyrocalciton secret
975,Aubree,nD2)3Bp1,Delafoy,Mireielle,mdelafoyr2@naver.com,494-367-6969,Cannabis depend-contin
976,Nellie,rZ5/u0Q0,Percifer,Ivie,iperciferr3@theguardian.com,751-730-6831,Acquire absnce intestine
977,Yale,sM5>Pp@7Q)SL,Satterfitt,Toiboid,tsatterfittr4@1688.com,356-612-8269,Lwr limb vessel anomaly
978,Malena,qN9?1)~g6Eaxd1+s,Collopy,Marj,mcollopyr5@narod.ru,232-428-1979,Visual percept w/o fusn
979,Casie,aO6}P9'hFWyVKq,Gorstidge,Sigrid,sgorstidger6@economist.com,613-903-1163,Protozoal intest dis NEC
980,Guido,wV0_$7r3#$,Prudence,Montague,mprudencer7@va.gov,607-807-0117,Family health probl NEC
981,Bendick,"xR4~u""NBh.!=",Batson,Nevin,nbatsonr8@joomla.org,205-741-2666,Ftl cmp in utro-del-p/p
982,Patrica,uV7~l9hn!,Levet,Carling,clevetr9@posterous.com,874-203-6247,Adv eff antibiotics NEC
983,Raffarty,tJ3#N7rF_,Tenbrug,Darda,dtenbrugra@ifeng.com,953-659-7902,Opn skul vlt fx w/o coma
984,Jasmin,aT4!#sHz{k~>mCWE,Clilverd,Rachael,rclilverdrb@gov.uk,376-276-6840,Drug psych disor w delus
985,Derrik,eZ7!.}C53),Stockin,Sherlock,sstockinrc@techcrunch.com,280-850-0651,Renal failure NOS
986,Barbabas,gJ3_Y8@Dw9,Hacard,Sloan,shacardrd@1688.com,781-666-1502,Chr stomach ulc hem/perf
987,Eldredge,vW9`E~7U@C&*0IKv,Jacobi,Malinde,mjacobire@discovery.com,535-551-1038,Atrophy of vulva
988,Serena,zI7}8I85g<I*XWg`,David,Clement,cdavidrf@topsy.com,671-200-9402,Cong face/neck anom NEC
989,Kristi,"iK9<,PKLk'_3jkd3",Shelton,Karney,ksheltonrg@liveinternet.ru,575-458-2168,Prolapsed arm-antepart
990,Merrie,"uM1*d4=>W""oh(&i>",Joannidi,Maxy,mjoannidirh@umich.edu,879-112-6393,Immundef t-cell def NOS
991,Sybilla,qW4\3jV(!)hw,Roughey,Farrel,frougheyri@ow.ly,708-154-2221,TB pleurisy-micro dx
992,Darryl,yN7}IaI4,Bannester,Morena,mbannesterrj@cyberchimps.com,715-458-4191,Stress fracture bone NEC
993,Horatia,zO3&*sQ{0KUGJ)<,Goss,Lacy,lgossrk@yelp.com,103-568-4269,Gouty arthropathy NOS
994,Manfred,"dE2+U,C#ae3TZ",Spracklin,Konstance,kspracklinrl@unblog.fr,260-559-1809,Pneumonia anaerobes
995,Arleyne,aR5$WO.%JXDps,Paolini,Rachael,rpaolinirm@hexun.com,417-999-4262,Mycosis fungoides thorax
996,Lelah,nY4)`BX(P69,Wraxall,Carrissa,cwraxallrn@hp.com,210-231-1884,Knife/sword/dagger acc
997,Reece,vY0{&gvwxpRp1@,Ottewell,Kleon,kottewellro@nasa.gov,266-502-4247,Edema
998,Augustine,oE0|Xh3den9M,Stayt,Elisabeth,estaytrp@geocities.jp,196-388-9276,Adv eff ant pituitary
999,Miller,mJ9!RkF0TNIL9=(,Corr,Donny,dcorrrq@epa.gov,444-396-8940,Elev ca antigen 125
1000,Fritz,cH2&Er18(ZQ.GX!m,Hallbird,Simone,shallbirdrr@purevolume.com,150-982-1264,Puerp endomet del w p/p
